feature,prominence
 ,0.5348453483024804
nn,0.4014301257975532
nnp,0.3511820386537942
e,0.34431021364202763
in,0.33701644590427526
t,0.27516996854931675
dt,0.25341340076814484
n,0.2315767091799977
a,0.20117352741638408
i,0.18946258072974473
o,0.17752366247162638
jj,0.17337571453970027
nns,0.17310408654813858
s,0.16014535810683828
r,0.1564578346159301
dt nn,0.12191135696069079
nn in,0.11902282048222947
vbd,0.11437169352056839
d,0.10530041432373013
h,0.10274261380868238
in dt,0.10229754947854472
nnp nnp,0.10100026984645583
l,0.10065996699285767
prp,0.09375224196397922
in nnp,0.09354561933808778
vb,0.08790617347220843
jj nn,0.0858981318030664
to,0.079929188727
en,0.0798244915818834
rb,0.07942585788810652
t ,0.07934427385032333
e ,0.07892458483203227
vbg,0.07713241341328145
 t,0.0766128769916907
vbn,0.07622042497418263
nt,0.07559764322123923
c,0.07548191149716924
cc,0.07446893592368253
cd,0.06871599571726181
vbz,0.06594271079139487
ent,0.06458136910233177
 a,0.062134067877398114
u,0.06161066322077599
nns in,0.06076152090056416
s ,0.05993930333963878
 e,0.05905193648365646
th,0.05893598780215229
m,0.05839062262905924
dt jj,0.05807911592859376
f,0.057661251733761285
g,0.05578958068190524
nn nn,0.055729322102071197
in,0.05381242881392936
to vb,0.05373106852715465
nnp nn,0.05232639295627384
p,0.052116868200814
 en,0.05056035114335315
vbp,0.048811801076564465
d ,0.047696117481264254
nt ,0.04747221734883482
he,0.04737301973182869
 th,0.0472994778889692
nnp in,0.047150609046067354
nnp vbd,0.04685936275762741
dt nnp,0.04609156168059679
jj nns,0.04359740279597764
w,0.041032211305832546
n ,0.040814539616833005
nn nns,0.0400862675092496
nn nnp,0.03898034046885095
the,0.03801389896420702
y,0.03794529109047439
re,0.037538964782241176
on,0.03685999881944205
in nn,0.03639865816598767
in prp,0.03626108535120216
er,0.03604378426459139
he ,0.034790330139884106
md,0.03420262346985079
 s,0.03335117427468935
 i,0.03323109481829217
vbn in,0.032911338867262344
in jj,0.0324800171323489
nn vbd,0.03225079351425833
 o,0.03197116193982565
at,0.031313740498850884
nn cc,0.030601878449643863
b,0.0305150069776688
vbd dt,0.030251129734723735
an,0.03024832984639432
ed,0.029956781328608403
es,0.029267536740068153
te,0.028745207482544673
vb dt,0.028398446480876607
nn to,0.0282054293642386
md vb,0.02806643665681227
nnp cc,0.027846340443496504
",",0.027683836687273256
", ",0.027479064451184823
in nns,0.027259462974011064
ti,0.02725694968138295
vbd in,0.027249038766642673
 w,0.027164699604843353
dt nns,0.02693315713414702
r ,0.0265006278555322
or,0.026333814554089976
nn vbz,0.026259313785171674
v,0.02625685882454924
y ,0.026167269052801846
prp vbd,0.026112822204641273
in vbg,0.0258628789798073
ng,0.025811174181459316
.,0.025682499675357396
 c,0.025669244375901377
nnp vbz,0.025532063096537744
nd,0.02543698504345443
prp nn,0.02472794137262004
 f,0.0245533557029785
nnp nns,0.0241256403940745
nn dt,0.02402559154090545
to,0.02378441156657053
jj nnp,0.023690653869194698
ed ,0.023453427719671106
al,0.02329241124709412
in cd,0.023236854931502782
cd nns,0.023077790511379814
st,0.022837950812346592
o ,0.022806212936851256
ing,0.02279867089074034
 p,0.02197194506853508
prp vbp,0.021946759718833263
g ,0.02187973930726037
vbd nnp,0.02184948054285792
wdt,0.021762794475373076
cd nn,0.02130720950011768
nns vbp,0.021285887428905102
nnp cd,0.02121961298824415
ng ,0.021206687391171205
vbg dt,0.021070951695632507
de,0.021061468872725624
it,0.02105452421239591
 h,0.020967800436640413
. ,0.020958781296364224
cc nnp,0.020915887637033975
vbz vbn,0.020793014249730107
nns cc,0.02077959233096209
ar,0.02027872825331867
nn vbg,0.02019559423293466
vbg in,0.0201320779864263
to dt,0.020097913274726424
 b,0.020004451030210774
jj jj,0.019853535858753536
vbd vbn,0.01980682467240692
nnp dt,0.019770641627826043
 in,0.019522802334064074
nns vbd,0.019448264882123797
wp,0.01931785876042085
 to,0.019226916787856305
is,0.019168115713530075
ha,0.019057846899332844
 r,0.018616261074296706
l ,0.018520831122994175
rp,0.018282208949151803
cd cd,0.018261423459606834
rb in,0.018194762657363903
to ,0.018142404304498608
io,0.01807610979222421
 an,0.017981406395764676
vbz dt,0.017782102952173515
ou,0.017461550056682727
nns to,0.01733116475294809
as,0.017313781831714753
le,0.01729126322760313
on ,0.01724636762731101
wrb,0.016953083943644986
 m,0.01694680594764064
nns vbg,0.0168183024388771
se,0.016654312227773426
of,0.016633746667950963
jj in,0.016599952333572126
ve,0.01655193079521108
ion,0.01652035648295207
vbp vbn,0.01647354014467502
a ,0.016385535845218503
cd in,0.016355286246321807
cc dt,0.016253240426563818
 d,0.01624439887993226
ea,0.01624285705662142
me,0.016216257058416544
nnp jj,0.0161908094871902
rb vbn,0.016185157431749912
nn prp,0.016147723100419103
cc jj,0.01600556496550515
and,0.015986571342546628
nd ,0.015931959762949678
vb in,0.015758533042874178
 of,0.015729490110995094
li,0.015699003051390072
vbd prp,0.015636688443443496
co,0.015453342124783876
f ,0.015311186455666988
ri,0.015281091129695747
vbg to,0.015276726418243706
k,0.015258770000572276
vbd to,0.015244350885735744
vbg nn,0.015189525973171624
nnp vbg,0.015188484963978004
prp jj,0.015064621599733293
rb jj,0.015037969769785596
nnp rb,0.01499997017761165
nns dt,0.014999573077830656
prp vbz,0.014997667273490134
ra,0.014861892757334658
ro,0.014854354475083733
nn wdt,0.014594287266505248
 a ,0.014572137524395021
to nnp,0.014536071556058683
dt cd,0.014486304732449929
rb vb,0.014474307864158048
nns nn,0.014433783579615138
ne,0.01428948282530858
nns nnp,0.01424131919171035
nn rb,0.01418888867469642
er ,0.014186739573241715
rb vbd,0.014076713478271165
ll,0.013985194307293515
ic,0.013856743655814047
 re,0.013850716347782484
nn vbn,0.013846016133306922
of ,0.013817935988573697
si,0.013720641588326516
vbd rb,0.013704794242580752
vbn to,0.013704617472664965
ce,0.013673759621099433
jjs,0.013626504041641284
tio,0.013594759642712907
in ,0.013587444505580646
vbz rb,0.013537715900390953
ts,0.013401789217921742
cc nn,0.013376235043383235
vb vbn,0.013291894562682031
vb nnp,0.013202644941057962
 l,0.013190058743300212
id,0.01308082676745703
jjr,0.01303028435586308
nns jj,0.012911068042838123
vb jj,0.012811542067601486
il,0.01277427579763886
nn jj,0.012629315974009627
vbg jj,0.01257845817326507
 co,0.012549626064184822
fo,0.012269917346423341
vbn dt,0.012199857881466976
pr,0.012197623894805977
vbg nns,0.01217877259029309
hi,0.012112835133115661
un,0.012088402631472185
cd nnp,0.012068913300034822
rs,0.011989537069068816
ts ,0.01190123198530335
vb nns,0.011758608442380419
vb nn,0.011708077586144307
nnp vbp,0.011676496310790123
nnp to,0.011666601883147795
prp md,0.011581534105305016
nn md,0.011516162170009545
t a,0.011482364593775473
ur,0.01145955966564543
vbg prp,0.01144051241062813
in in,0.011428970086853648
h ,0.011404597157617394
vb prp,0.011388293328241815
vbp rb,0.011322467301230392
d t,0.011305260444752645
vbd jj,0.011289047755545381
nnp prp,0.011235034620250984
as ,0.011234485790556857
vbg nnp,0.011190176312041297
nns rb,0.01106452165601299
es ,0.011055169576542064
md rb,0.011044662788021575
at ,0.011042961887596781
di,0.010993162532620513
ec,0.01099138219636863
al ,0.010945297063558372
for,0.01089959590953724
vbz in,0.010880291011901019
ns,0.010851682360222674
be,0.010826142991341358
po,0.010822035410939427
la,0.010748287748894365
cc prp,0.010739590842471157
ot,0.01071877093975709
wdt vbz,0.01070372588558167
tr,0.010669158000533882
ati,0.010657098332453542
el,0.010648510072639832
vbd vbg,0.01061200906023636
nns md,0.01057080907968444
vbp dt,0.01051969382579548
rb rb,0.010488468615090812
s a,0.01044544043761301
 n,0.010445329111676822
vbz jj,0.010425660036647893
ta,0.010394735783342471
"t,",0.010375580421268453
"t, ",0.010375580421268453
om,0.010364943572004692
wi,0.010362155905821669
cc nns,0.010299512471420035
ai,0.01026175110160822
vbz vbg,0.010243217123884745
 pr,0.010206461481161319
 on,0.010168873307798485
ca,0.010115319564021757
in rb,0.010092696089882426
ho,0.010071923885881203
prp nns,0.01000245335674828
nnp md,0.009977755890690594
ac,0.009961410089232674
t t,0.00995698702851933
ay,0.009928353943980435
ge,0.009915879965401487
 fo,0.009888575741162106
ter,0.009883570768357466
vbn jj,0.009869494112943532
vb rb,0.009847395775996965
jj to,0.009797849026973516
res,0.009786282831650707
mi,0.009768120937312368
e e,0.009758880354328316
ma,0.009752633344336566
rbr,0.009739870845934502
n t,0.009723226013903219
or ,0.009664852026914287
ee,0.009664625564813348
is ,0.009646884732130122
jj cc,0.009636121874424907
 wi,0.009618761299156314
rb vbg,0.00959234435291534
t e,0.00948684613513206
nns prp,0.009439748791482346
rt,0.009423746630410923
no,0.009394383432416012
re ,0.009363843912026541
ad,0.00935953504770509
vbn nnp,0.009347254314061635
e t,0.00934639323981222
nc,0.00934478067407445
cc vb,0.009336807200969226
prp in,0.009309590049271184
vbp in,0.009242829326368189
 ha,0.009235901610957649
sa,0.00921774158406414
ig,0.009181099542175289
vbn vbn,0.009140619728968598
"nt,",0.009093620492445395
fi,0.009040008369070415
pe,0.009022872433522795
jj cd,0.009000452182252478
rb cd,0.00899998116571678
da,0.008955585295396114
hat,0.008952302107293602
vbg vbn,0.008917693905640584
 be,0.008889309214901843
m ,0.00886369249306195
s t,0.008836297556378466
e a,0.008786558757391398
im,0.008773635149828356
ss,0.008765004924872326
cc vbd,0.008756810118173424
2,0.008751561031129885
ut,0.008730314177965307
rb dt,0.008672594137112716
rp in,0.008663523977766697
cc in,0.00863128040874504
et,0.008615835041345393
ate,0.008597448737811724
vb rp,0.008564873511543825
nnp wp,0.008559095064819586
ol,0.008538001276641661
tha,0.008507995776112467
em,0.008435021248899397
lo,0.008433738430744962
jjs nn,0.00842425551058888
ch,0.008421728351694982
n e,0.008415036760952
ni,0.008377988337241616
ct,0.008333392510507912
cd jj,0.00826137784131656
wp vbd,0.008260711599276684
ly,0.0082214609404034
nns wdt,0.00822041684066644
ers,0.008202840060622585
vbd nns,0.008167370933299315
st ,0.008113379826461885
pa,0.008093690245547562
wa,0.00807390444595766
mo,0.008070454119133964
ia,0.008042168696933206
ow,0.007992842009334105
 g,0.00794799401503284
na,0.007931179975177567
0,0.007931094333268423
ul,0.007860555998961164
vbd nn,0.007816869587678603
vbz nnp,0.007815799372720767
cc rb,0.007796554613203106
dt rb,0.007768687099528833
nns nns,0.007765910248359247
vb to,0.007761680950837258
 se,0.007760985360685431
t i,0.007744056517282815
us,0.0077343990872373175
wdt vbd,0.007722246626246477
ie,0.007715532256745751
wh,0.0077018047885554185
vbn nn,0.007642787269817618
ci,0.007602057903007049
ide,0.0075965950148129124
s o,0.007592810634467627
 sa,0.007575297803769988
nns vbn,0.007568720494318065
th ,0.0075662540729714385
ly ,0.007562345201053879
cc vbg,0.007529594471989417
 wh,0.007519251383145632
 de,0.007501308912537704
ted,0.007493482821633516
vbn nns,0.00747849828949158
all,0.007469144683370409
ag,0.007464276485311901
 wa,0.007429619196867688
ill,0.007407677780570785
so,0.007378271323582305
est,0.00737602720383716
den,0.007348851785943457
day,0.007343866074940691
nn wrb,0.007326176045043129
t s,0.00732271833145565
e s,0.0072683348357132724
vbz to,0.007261352201000132
ir,0.007244339061535392
we,0.007233729811343291
 he,0.0071744065881186305
vbp vbg,0.007165813380462855
d a,0.007158796614919978
e c,0.007153018907309653
 st,0.007142758165650165
am,0.007138359180206702
rs ,0.007119978348105572
", a",0.007112079711012934
nns wp,0.007097249226055912
jjr in,0.007097208994464851
ov,0.007086967478992899
vi,0.007059053482012059
sh,0.00704828620581288
der,0.006991201752181357
d e,0.00697981267891758
ver,0.006943601454843912
j,0.006936445295874762
ll ,0.00692931788423558
g t,0.006907121493163054
vbp jj,0.006877361980805235
ve ,0.006871381346471484
n a,0.006866518281838868
wrb prp,0.006863004843552923
ke,0.0068433081625550365
ith,0.006841178965694831
e o,0.006825858909836308
vbp to,0.006816918945219995
prp nnp,0.006813493899442039
nts,0.006780937571913573
t o,0.006777339072559073
 v,0.006767299418762981
 hi,0.006766411267978097
nnp wdt,0.006747987070170065
rat,0.006726985822648705
con,0.006716490049743606
t w,0.006706117422251636
rb to,0.0066795149874111755
men,0.006667600990954883
rp dt,0.006662892251983967
fe,0.006660142886604147
cd dt,0.006650312594886277
su,0.006649136797382956
an ,0.0066386202108893845
wit,0.006610894419641732
gh,0.006610033857265959
ga,0.006608634966169697
1,0.006605726990220024
und,0.006600532016934268
dt jjs,0.0065921482053642125
wo,0.006592042609668904
rb nnp,0.006579543661932386
sid,0.006573481445103573
 it,0.0065660717229899706
. e,0.006559578238638502
vbn prp,0.006550037465231673
 is,0.006546710279075007
prp rb,0.006518547744105625
fr,0.0064729549281330335
 u,0.006469691721826864
 mo,0.006459595290441103
ons,0.006458814089469865
 ca,0.0064523356905599
t.,0.0064377038651970316
gr,0.0064211215410587994
ce ,0.00642023786261868
nn vbp,0.00641970464671288
pre,0.006415552573069359
to cd,0.0064077019148539895
ry,0.0063856462615675975
ff,0.0063684412219329484
tin,0.006368226759003355
vbn rb,0.006354121765310811
iv,0.00634325243690479
ev,0.006338467492788737
 fr,0.006337848907988445
his,0.006334011472762894
ld,0.006296820144612737
nn wp,0.006294554767241574
. t,0.0062660786364783574
vb cc,0.006256328232883561
os,0.006239735265984785
her,0.006233819306951841
wdt vbp,0.00623304474009768
prp dt,0.006210788190087418
sp,0.0062063249919698275
r e,0.006201112857034021
dt in,0.006197354688594261
tu,0.00619340766289631
pro,0.006186970911741465
ep,0.006184602159271049
vbz prp,0.0061815175617136835
rb vbz,0.0061574428645979435
vbd cd,0.006152255302879688
 as,0.006150495474055322
pl,0.006097169641391721
esi,0.006092186354769786
s.,0.00607651281956525
en ,0.006034935770202428
e p,0.00600855870496847
rm,0.0060007412250737665
w ,0.005997415459001135
ns ,0.005962634428253524
 po,0.0059558447176963104
vbn cc,0.005924755516928816
mp,0.00588002723177252
r t,0.005863648642892858
cr,0.005861514896829139
ove,0.0058612078583788925
op,0.005830228866252143
ort,0.005801216014225749
 al,0.005792748308183206
s i,0.005731384896900405
av,0.005722846942043281
ear,0.005707986807965094
int,0.005706936985185487
rbs,0.005706038299895358
ay ,0.005702601742553329
tra,0.005682543340869231
do,0.005679225635237997
str,0.005675103900408538
ial,0.00567222185241878
dt vbg,0.005670668986831451
ote,0.005668090200887963
rea,0.00566522540908711
wdt md,0.0056600358880925985
 ar,0.005655560795023291
 ma,0.005648024764727756
nte,0.005625666883385562
rn,0.005622716657463079
are,0.005620681746432646
s w,0.005605190394806037
iti,0.005603382287345445
nce,0.005591113104588056
 j,0.005590772545360158
t h,0.005554793561732564
te ,0.0055518658653228485
 at,0.005539923142861629
", e",0.005535299690816278
bi,0.0055212048589373215
min,0.0054974980347166505
le ,0.00548870122676101
oun,0.005485356214375543
 pa,0.005479408247707623
ess,0.005467840946927499
rb prp,0.005466467622074715
e f,0.005461343837976162
 sh,0.0054555076542478174
 we,0.005449499895013014
ls,0.005447191369842948
 le,0.005443778094856482
 1,0.005437742394153663
era,0.005420237114194128
 2,0.00541011063150737
e w,0.005409156471129581
vbz nn,0.005400561403229052
ld ,0.00539919080468064
cu,0.0053987290184484464
pp,0.005397508050725265
wp vbp,0.005380867632701168
ere,0.00537082510576419
t. ,0.005367851212533381
e i,0.005367379613197404
af,0.005363579271320347
fu,0.005356413627892327
 la,0.00534992635106681
rd,0.0053382621988714565
f e,0.005337585982488577
 me,0.00533703855650954
din,0.005329900801270172
x,0.00530953855110883
ue,0.005307854496090141
ry ,0.005304064980451849
ist,0.005298380307530858
fa,0.005280485943693763
nns vbz,0.00527312726304204
me ,0.0052544934952022445
d i,0.005249937019767217
vbp nn,0.0052444972313623545
cd cc,0.005239422539975931
s e,0.005232409815856148
ew,0.005226844472874778
eve,0.0052263936918105275
"s, ",0.005223120253976992
"s,",0.005223120253976992
 ne,0.005220062846472829
ju,0.005219269516893615
ef,0.005214253663267933
eg,0.0052028939854566565
bl,0.005201431749069601
ck,0.0051980334713041055
 no,0.005196686942340231
jj dt,0.0051945985047751175
vbp nnp,0.005193319494247749
cl,0.0051919935049677506
aid,0.0051914065237197455
cou,0.005186731472783482
nt.,0.005185382536941605
age,0.005176848459866692
sai,0.005166967989805036
se ,0.005147143511292904
vbn rp,0.0051438046909409235
t c,0.005113537843860629
ap,0.0050947218362907614
vbp nns,0.005088480440459352
t p,0.0050721065154105275
ut ,0.005068882106138326
k ,0.005065875044008929
ty,0.0050500993107547455
to nn,0.0050494070822887805
out,0.0050389346264904725
 fi,0.005034956742535073
our,0.005032639399164808
nde,0.005029206452557381
s. ,0.005028058664037674
 te,0.00502162731443004
ba,0.005007845495462406
to nns,0.005003781344701021
ave,0.00500271296031682
was,0.0049990158508522705
ect,0.004990404257460241
f t,0.004988458809652538
om ,0.004972262814600286
 ho,0.0049710323281630525
vo,0.004964834768817343
ei,0.004938908689693026
vbd rp,0.0049387438054667955
r a,0.004934799661058942
 tr,0.004902003171750485
to prp,0.004891143035965369
oc,0.004884857586704719
por,0.004883285328719716
nn cd,0.004876296837602739
id ,0.004874110476480282
ice,0.004874076152722138
y t,0.004871228639076665
ive,0.004868699545299607
bo,0.0048656324251986115
rb vbp,0.004865260779559117
e r,0.0048376287749359054
rbs jj,0.0048353746952427374
ne ,0.004831615431717305
d o,0.004828137157982227
 ju,0.0048242474079064086
 ag,0.004824235270456534
 wo,0.00482324080594677
wp vbz,0.004807876395854395
cti,0.004806845195238886
e m,0.004795501065333277
s s,0.004776140128480372
s f,0.004774376575023084
 su,0.004770225093241821
lli,0.004754622389156066
ak,0.004740934968408658
tes,0.0047403419948806175
sta,0.0047400691712228115
p ,0.004723970894290416
com,0.0047164708929388266
igh,0.004713663041337769
 di,0.004712628851516738
oo,0.004704032440824413
 so,0.004701486004474587
wrb nnp,0.004681702790804572
in jjs,0.004677903492584843
rb cc,0.004676560746065426
cal,0.004669160518676225
 fa,0.004664669492818672
dt vbn,0.004664317151464478
off,0.0046475987366399055
it ,0.004629923261246565
 pe,0.0046280165445816215
t r,0.004617592496344611
by,0.004602666909590943
rom,0.004600169301180269
prp cc,0.00459703097410237
nnp wrb,0.004589019886981596
5,0.00458495165553292
tt,0.004581203959937102
o t,0.004578554515499122
ft,0.004568584120661235
ain,0.0045680526695958375
e h,0.004567805759858159
ud,0.004565221578859689
rep,0.004556088396999622
ge ,0.004542455695213665
by ,0.0045343006295275505
gi,0.004529728554582688
 un,0.004523932668624898
 ad,0.004520524902330803
jj prp,0.0045138734267955085
 by,0.00451274683647241
sd,0.0045111370328952466
wrb dt,0.004509907511579459
 vo,0.004506727763769959
fic,0.0045015993132328826
has,0.00449746125335323
vbn vbg,0.004492919360368777
jjr nn,0.0044891021225470324
 mi,0.004480436731621516
 ac,0.0044639723137358525
 fu,0.004462280138107323
ral,0.004460800322284662
 bi,0.00446054105820046
ste,0.004452168339338775
fro,0.004444990729694724
bil,0.004444677702934724
sda,0.004438684377602908
", w",0.004436641903209984
g a,0.004418576390838128
ru,0.0044032217236461505
vot,0.0044003307111858
ey,0.004388925838989747
e b,0.00438678157475435
", t",0.004378795842996121
nns wrb,0.0043747813993879215
up,0.00437142933371044
hav,0.0043682917460590295
ab,0.00436156750268653
ele,0.00436132899840126
sti,0.004356071627402269
its,0.004350874784686964
ces,0.004350086601085181
d b,0.004349648184174185
e d,0.004346665269357593
 do,0.004346183923754221
red,0.004342502762238317
lin,0.00432400844233322
"y,",0.0043237665173232066
"y, ",0.0043237665173232066
rr,0.004321014501190481
sed,0.004317563034237774
du,0.004314509298324344
vbg rp,0.004311175992304728
lu,0.004305906399821932
per,0.004304775920881512
tor,0.004302651516347552
dt rbs,0.004288031676588909
vbg rb,0.0042865517664298775
ont,0.004286301181876336
o e,0.00428579545027829
als,0.004276153711390873
 im,0.004274871542470065
n i,0.004263985698003238
 af,0.004261714327889053
cd to,0.0042577004128821795
ini,0.00425574894923974
 sp,0.004241622114492923
ht,0.004239109138144997
in vbd,0.004238255025208826
ary,0.004225958178249181
t f,0.004224123150978514
mm,0.004221522322146459
lea,0.0042212680449380145
ead,0.004211167110589194
lit,0.00420090213237854
bu,0.004196990283780639
um,0.004196617192781775
gen,0.004195300795743179
t m,0.0041870381882902425
een,0.004186446502016109
enc,0.00418367534442936
go,0.004181276761241565
s b,0.004174401391455008
t b,0.004169202861358538
ex,0.004168830779537098
sin,0.004165704861261823
ght,0.004164452073922221
 lo,0.004161272000409504
nti,0.004155379635838322
ch ,0.004143022735584082
jj rb,0.004137181386870504
art,0.004134655196848801
if,0.004132688677988374
ffi,0.004129093754200404
ies,0.004126534081638967
rin,0.0041255453427774015
gra,0.004117874389810555
end,0.004113099415488492
au,0.004105243952021514
pi,0.004101892682876254
prp vb,0.004098564622538341
not,0.004096453132520118
aft,0.004091930365162448
fte,0.004089524024723358
ty ,0.004089506267774006
to jj,0.004080163798086826
oli,0.004077319732706362
ys,0.004076729858292836
ica,0.004072731532826698
tic,0.004071047959764551
vbp prp,0.004061362125010043
ds,0.004060775808404836
nal,0.004056813848287903
sc,0.004044619459374136
ey ,0.0040393585080826635
ome,0.004030047494509247
 li,0.0040098947713245224
ten,0.004002675813034146
rb nns,0.00400025501063872
 si,0.003999362362494751
ndi,0.003995676043647759
one,0.0039939491764482676
 ba,0.003989287972016886
cia,0.003988417244009972
rc,0.00398605368614949
ant,0.003983296152296429
wil,0.0039805760989343
sec,0.003971148169630748
hr,0.003970232505150232
dt vbz,0.00397009128317443
ame,0.003967906571122732
rou,0.003956545351561101
lat,0.003953561549474928
 ou,0.003948871208699603
y a,0.003938198436275526
thi,0.003933831202566504
va,0.003932645016229673
unt,0.00393033422214917
6,0.003918017629141795
 fe,0.003915244437455791
pdt,0.003905869457089573
pdt dt,0.003905869457089573
nn,0.0039056856507859337
mb,0.003903286996859007
 y,0.0038974042863513737
s c,0.0038959679431917215
d h,0.003889755750520487
ar ,0.0038879188654087596
led,0.0038846702396241107
ki,0.0038836260363119927
uld,0.00387389428547568
oul,0.00387389428547568
ity,0.0038717611580807235
ned,0.003870592506009017
n f,0.0038681033390175704
ua,0.0038568792863986046
ore,0.0038544626950036426
ici,0.003851681268562878
orm,0.0038506314198910757
ran,0.0038477438539684873
lio,0.0038420743335939
new,0.0038396606072195697
in wp,0.00383429998021113
fun,0.0038316803415386538
n o,0.0038295992058122344
lic,0.0038114208819908305
nin,0.003810172256799467
 bu,0.0038042352284847294
d.,0.0037979184921211754
"e, ",0.003792768827959249
"e,",0.003792768827959249
pri,0.0037921981288067614
d s,0.0037914572370166236
ot ,0.0037864786236692584
ree,0.003783201013838388
s r,0.0037827067626000684
cd vbd,0.0037811221481644677
rt ,0.003771751304064171
nis,0.0037687992602576438
aw,0.003768310257243783
wp prp,0.0037664466309493766
t d,0.0037641780510774734
thr,0.0037627134812622063
be ,0.0037465212527348062
ili,0.003736769153651995
par,0.0037276483220251315
s p,0.0037164276821431298
0 ,0.003713557353597056
y e,0.00371218021979284
tur,0.003709989487130024
c ,0.003706428258642185
ex,0.003704394936633003
nat,0.0037000287615622015
e.,0.003696252470379638
med,0.003694551426503726
ad ,0.0036912826766167697
ug,0.003683424670898015
uc,0.003678967177456916
y o,0.003671743571549953
ye,0.0036665073841261487
eme,0.0036537467949133485
l a,0.0036271937258548106
a s,0.003627188216872183
cre,0.0036261858046733883
ny,0.003620246033252999
ow ,0.003619046212788209
hu,0.003613464983605029
ves,0.003605100781174201
t l,0.003592570431408471
hey,0.0035893362922824633
 or,0.0035892830627481365
nda,0.003588760716800195
cc,0.0035839808365042422
vbg cc,0.0035776778858176337
pol,0.0035741033292781108
mor,0.0035731053509107332
 na,0.0035724355476844947
wor,0.003571886135084844
whi,0.003569519503493019
y.,0.0035659092346964783
ss ,0.003563405435300586
law,0.003550663233620011
rbr dt,0.0035487896657284525
q,0.003542453605984074
fed,0.0035328122322685206
igr,0.003529597244104564
 cl,0.0035201556462564404
in jjr,0.0035154214381057126
ake,0.003515290478217539
", i",0.0035148512389133893
inc,0.0035121303202872043
ord,0.003511466050758724
ack,0.0035096360061251247
rit,0.003507078971037985
dm,0.003503430933520491
jjs cd,0.0034951515670744457
ede,0.003494488921947433
ir ,0.003488457100623478
mon,0.003485896026327937
vbz nns,0.003483702293693036
ugh,0.0034720837489071103
20,0.003471630018161485
ntr,0.0034706715523896365
tar,0.003470255178106316
d c,0.0034601747269186515
rp nnp,0.0034563049349103357
ine,0.0034521427660332274
nns rbr,0.0034497012035039527
ost,0.0034476595560447897
ip,0.003445816016931678
h t,0.003442681606895797
ins,0.0034372234658522497
 ch,0.0034369837558196263
lle,0.003432199351015139
nf,0.0034320819132781723
tri,0.003427927645050389
hou,0.0034271353539158996
 cr,0.0034239076403898582
ic ,0.003412374940788356
mig,0.003410659565134917
ui,0.003406919946894593
ass,0.0034041650369608604
z,0.003402407999220089
 ex,0.0033976757270898655
oug,0.003394101442987458
ls ,0.0033938215959166637
ds ,0.003393526732819459
cd vbg,0.003392687370055286
who,0.0033920950442074527
pu,0.003391503804758077
ret,0.0033894662263130523
s h,0.0033866490622631957
o s,0.0033830639036919893
oi,0.0033809488182194977
o a,0.003380777204198438
d f,0.0033784995135630247
gn,0.0033781548971912358
ws,0.0033767532193922853
tw,0.0033759007541236223
nnp jjs,0.003374983776965249
ile,0.003374278928148541
use,0.0033742195521478907
eri,0.0033633963472452927
ks,0.0033579003510242045
e l,0.0033547650285413993
app,0.00335315564509439
uri,0.0033530648563971474
rg,0.003352267869465863
ace,0.0033373864692114942
"ay,",0.003333541072863524
ous,0.0033331100764551038
h e,0.003332745668252206
et ,0.0033304574225911055
ond,0.0033294985165799778
 ta,0.003328233237381488
epo,0.0033245525005685165
cc vbn,0.0033211842058685046
el ,0.003320036014159498
man,0.003318517991299661
nnps,0.003315968124044924
ind,0.0033128182692777107
. i,0.0033125234532100038
 go,0.0032959912329330225
d. ,0.0032954342506692786
rl,0.0032919661283885107
mer,0.0032865871525988516
gre,0.0032730812840004045
ded,0.003270233572743915
qu,0.0032630670297037596
dmi,0.00326221646640997
 da,0.0032557805677061753
gu,0.003255395616211571
adm,0.003253988296905205
d w,0.0032538023449421908
esd,0.003241252982839303
kin,0.003237167241558037
ues,0.0032326714323492422
imm,0.003226491321170492
lly,0.003218546293438443
spe,0.00321627737587321
 ev,0.003213559342991303
ign,0.003213417114087244
r s,0.0032075415469728415
ens,0.0032057254166608286
vbz cd,0.003203512094865025
vb vbg,0.0032012973601151353
tat,0.003200407988861431
in cc,0.0031944633916173434
mil,0.0031928087280955375
ple,0.0031909764472744023
 ap,0.003188851692822325
rec,0.0031871726244077263
eir,0.0031839481381450495
br,0.0031839415936010156
eat,0.003181239973228912
dis,0.003175730530856574
sse,0.003174886507677101
ys ,0.0031742142896325674
 ce,0.0031677222555159803
yo,0.0031638080875154885
nv,0.0031570042398553467
act,0.003154142944000994
hei,0.003152255455280105
ose,0.0031516939167705493
rce,0.003149968669535038
oth,0.003146326024756537
y s,0.003146020453290805
", s",0.0031457198830537342
 tu,0.0031448444358069838
han,0.0031432266637264864
 20,0.003140715264242353
mmi,0.0031402711797269742
vb cd,0.0031398132259071844
ong,0.003137482616295299
ure,0.0031353321368595114
tho,0.003134983347931082
acc,0.0031335758759466086
lt,0.0031329746225079226
y. ,0.003129011233457552
eal,0.003128470783433034
prp cd,0.0031248747681409603
sen,0.0031232787467583814
ime,0.003123192917906394
ern,0.003123148736293424
pea,0.0031161048269863086
dt vbd,0.0031152141568369348
od,0.0031133201109448615
ub,0.0031097200780593587
ali,0.003105182185041536
ks ,0.0031049237879141435
ber,0.0031047268572315777
cen,0.003103206458768001
eas,0.0031024399510309617
s n,0.003100889406367748
att,0.003097095046500762
 ci,0.003096650432526131
e. ,0.003088209852576729
s d,0.0030857337994518058
wdt nnp,0.003083203788203557
cha,0.0030812470373540206
de ,0.0030808744741425715
nes,0.003075471777371036
pla,0.0030691211407063994
whe,0.003067504213114123
ssi,0.00306560762323638
i ,0.0030623119403057598
a p,0.0030582444380162052
ny ,0.0030515912282851982
ho ,0.0030487390868475066
mbe,0.003044315304393682
ric,0.0030433957513229886
ast,0.0030398839930549444
nns cd,0.0030397157479623207
any,0.00303719265489622
cy,0.003031641768450598
win,0.00302336839829828
war,0.0030231789813077504
ren,0.003016861731740294
nnp vbn,0.0030144193095163288
lec,0.0030140418813431346
nst,0.0030105677307979122
ite,0.003004830950985949
pen,0.0030023437741481303
ina,0.0030017029619220175
fir,0.0029996103575690228
leg,0.0029953406036028534
rk,0.002994443376328287
 el,0.002993157571462773
in wrb,0.0029925711327898467
ew ,0.002990496504657158
n s,0.0029863827754957437
edi,0.0029863273392105026
urs,0.002982581485692688
unc,0.0029797769095899285
ct ,0.002975305059823623
ona,0.00296921859555931
4,0.002968580535126899
can,0.0029676531334222813
a f,0.002967351999102958
ann,0.002961794247273859
 ov,0.002961568704313118
gh ,0.002960116460767148
nu,0.0029548805684208577
in vbn,0.0029430010349649105
eek,0.002941760439148403
md prp,0.002939538244225565
rim,0.002933863604829467
vbd jjr,0.0029255491275481443
r i,0.00292377000040186
n.,0.0029224789332362787
ek,0.002921999308861781
s l,0.002918576321751495
omp,0.002918502380227062
wp dt,0.0029180000883050746
y i,0.002916436114659794
wn,0.0029123635820150957
ori,0.0029111982578352144
eco,0.0029105341934878605
ven,0.0029100572269881685
s m,0.0029053214703516654
 ra,0.002904949178224139
e n,0.0029047899640905683
ida,0.0029023347605026013
ade,0.0029023311110387673
 pl,0.0029011506548837266
h a,0.0029006028830025577
sho,0.0029004614236522986
tl,0.0028938089979853613
ays,0.0028914413020955263
gat,0.0028854587743489227
fl,0.002883604136273862
ppo,0.0028817223581706
tal,0.002876247937812703
eo,0.0028727735858093966
vb vb,0.0028715749357204473
jjr nns,0.0028563218050641132
ked,0.002855089486650215
o c,0.0028496711505347633
wer,0.002844874819533324
llo,0.002844394097260984
hro,0.0028435276376578386
egi,0.002843113054004944
she,0.002842205543026652
r o,0.002841990578354573
 .,0.0028390841451242464
rac,0.0028387778406544443
mar,0.002837419404475821
 i ,0.0028369751171704
cri,0.0028369515117862946
dow,0.0028343879324562323
son,0.0028299339865144484
jun,0.002828583652522454
bal,0.002819023262287823
cc vbz,0.0028173840860771884
jjs jj,0.0028109291058586346
ire,0.002809316042165341
vb wp,0.0028075851270119604
sto,0.0028023817865686406
sig,0.0028019557323471053
sio,0.002800785295079895
 ru,0.00280063066329733
g i,0.0027998735808665433
. a,0.00279964179863391
prp jjs,0.0027938066191583355
n h,0.0027872873655005194
g o,0.002785224109218663
anc,0.002780976425503069
 bo,0.0027778415259443285
how,0.002774541668260517
had,0.0027728802194660848
ene,0.0027715572449146138
lie,0.0027660471866346394
own,0.002764477284151125
prp vbg,0.0027641622942100527
tte,0.0027627590590041835
"r, ",0.0027576539496774978
"r,",0.0027576539496774978
rbr jj,0.002754971716426391
cc vbp,0.0027534543883397967
 ab,0.00275169492230357
vbg jjr,0.0027513104208274908
oin,0.0027507975675271283
nto,0.0027469581192672865
old,0.002746803165105599
l i,0.0027408872596693134
une,0.0027402984729710867
cor,0.002739868109116223
jj vbg,0.0027375632013191516
to rb,0.0027360386919173317
eli,0.0027344678117314754
 vi,0.0027324095281582458
two,0.00273098668512842
vbg cd,0.0027294579990090203
mat,0.0027272242567479956
 op,0.002726479382703059
 pu,0.002723705649343938
02,0.002723039005337506
y f,0.002717980179362725
ble,0.0027169102897355133
abo,0.0027140088806778136
tia,0.002710532125538312
n. ,0.0027058431580403827
cat,0.0027056833864216364
wrb jj,0.0027044676879960667
des,0.0027013386124549164
 ge,0.0026987975987811785
rel,0.0026987657667558508
 k,0.002698335268121789
cc cd,0.0026969361445183726
e g,0.0026967023544522107
wee,0.0026944060050500774
rts,0.0026931872238132844
 ri,0.0026907832578854027
bee,0.0026858723498629222
ris,0.002685737173420809
wrb nns,0.002678259059078946
 du,0.0026775619203876773
"d,",0.002677366419580423
dia,0.002674978823967444
3,0.002669073713573389
7,0.002667956845144849
d p,0.0026637679503166613
cc to,0.0026625849166812404
dg,0.002659562738410389
n p,0.002654260147646425
tro,0.002653206320910793
"d, ",0.002652213770133758
iz,0.002649536453150354
wou,0.002648273102220689
dge,0.0026472258322363085
ock,0.002641968197423997
a c,0.002641474784977758
esp,0.0026396933954182977
 tw,0.0026393298002925373
y c,0.0026366429762829783
rot,0.002635830499828727
ope,0.0026351695310558526
r w,0.0026330096250869795
hur,0.002630222446227811
l c,0.002629543432262186
ega,0.0026285810429426204
dr,0.002622327409393428
eak,0.0026189902258204898
ict,0.0026178027244721175
l t,0.0026174450463046393
wp nnp,0.0026168828401579485
ke ,0.0026150522902135885
low,0.0026143968728958677
r p,0.002610747679083073
y w,0.002609715043980857
sl,0.0026094375633618954
les,0.0026068739903119314
pas,0.0026062840865054425
l s,0.0026012030857243385
rte,0.0025971577632365327
che,0.002596411731987439
202,0.0025954969528007962
tem,0.0025946672431855456
og,0.002594328171821115
ck ,0.0025937340393931583
cy ,0.0025873586511328517
tiv,0.002586797170373496
nve,0.0025865511068553656
isi,0.002585037859684878
rdi,0.0025827997162327326
ors,0.002580224676442427
d r,0.0025790793279547035
y r,0.002571889299526575
sou,0.0025717227301560027
thu,0.0025652855239977636
dea,0.0025642868366411186
rig,0.002562369433404281
ami,0.002559491357398393
inv,0.0025541860378403758
mpa,0.002554179231058347
cit,0.002553321420499724
rsd,0.002551350576215631
 . ,0.0025502504169560834
ib,0.002547222793150456
gai,0.0025444355224455715
n m,0.0025419234378524606
y p,0.0025393010063480994
ust,0.0025386221088048184
vbp vbp,0.0025358758980540182
cc md,0.0025343606642401224
rb nn,0.0025321836665847183
n c,0.0025315359445134493
har,0.0025291701888018347
l o,0.002520470473251622
nge,0.0025155263366461924
hic,0.0025137173421242967
aga,0.0025114671839410597
ase,0.0025072241848435373
gov,0.0025006376326795567
n w,0.0025000100261959816
sts,0.0024990707732570547
oa,0.002498987322827082
ok,0.0024963933924939128
urn,0.0024961840703971675
you,0.0024960827214413756
arr,0.0024949947784144986
arl,0.0024908082326387197
rme,0.0024896082719985395
wo ,0.0024857598364272926
spo,0.002481549582614501
ner,0.002481360105248458
vbp cd,0.0024807615799474214
ich,0.0024790181216892177
"n,",0.0024755742382281485
"n, ",0.0024755742382281485
 yo,0.002473128625973411
vbz rp,0.0024722371967188495
dt rbr,0.0024709301072886177
l b,0.0024634075420985487
ude,0.002453807792479078
 ve,0.0024534915227420358
" ,",0.002452240528703783
" , ",0.002452240528703783
ard,0.0024516214583008506
l r,0.002451443312837253
so ,0.0024490218186370314
yea,0.002445795359913196
rov,0.002443204874790686
es.,0.0024431215762696673
d d,0.0024328876565434727
but,0.002432774395986117
ivi,0.0024288686512229612
tim,0.002426649491450853
m a,0.002425119135471177
8,0.00242319291369405
ps,0.0024224207457532614
shi,0.0024215300965963684
mu,0.00241691446464615
dur,0.0024165121404947716
g s,0.002415086247828402
cke,0.0024139917533105193
ser,0.002412593278437353
cur,0.0024124987517754495
9,0.002411423052859262
iga,0.002410142483834765
eta,0.002408787075035793
tig,0.0024077265528415622
tue,0.002406970779585573
vbg vbg,0.0024048602361221773
m t,0.0024043768816546214
ced,0.0024041652260847392
jo,0.00240415849643394
emo,0.0024021889742114545
hil,0.0024007767811349144
iat,0.0023977336579166144
cd jjr,0.002392452778540547
im ,0.0023911797028951303
rie,0.0023908338835897523
l p,0.0023908086362685677
r f,0.0023846624710937643
ur ,0.0023842319143573803
sup,0.002382057844289162
ms,0.002380547326145005
tel,0.002374527472665367
wn ,0.0023742423517029436
f s,0.0023719843465874755
ob,0.002371121349811586
eac,0.0023706243528274135
eop,0.0023700539737556807
l e,0.0023684387458201787
tru,0.002368053562057643
rti,0.0023667060166929275
bou,0.00236637158625735
rem,0.002365968193119923
r c,0.0023628961151362423
g p,0.002359271489361654
 gr,0.002358552548935723
upp,0.002358261431051266
vic,0.00235672272389278
25,0.002355539937970921
 ye,0.0023541096386330306
"l, ",0.0023462547515594135
"l,",0.0023462547515594135
ely,0.0023460793923414246
wp md,0.0023431472960827766
 am,0.0023403093233680984
 sc,0.0023393910406761453
let,0.0023385700841081227
hin,0.002336424739453311
o p,0.0023355926786185113
 bl,0.0023341510177331
g e,0.002333584490787752
hed,0.002332397779364079
t g,0.00233204892820115
ora,0.0023315678538104504
o r,0.0023276461719937583
up ,0.0023265289688144206
rma,0.002325561382351896
rst,0.002320074536393177
eb,0.0023196256632990976
owe,0.002319537546722848
r m,0.002314843277177849
 up,0.0023110233395725226
g f,0.0023105011042039944
pos,0.002309244601362393
see,0.002308333277171256
rre,0.0023082926840426073
ecu,0.002304931513006833
sit,0.002303700911836981
rm ,0.00230000282178413
sha,0.00229865481728796
tie,0.0022979055784952303
ecr,0.0022976150429165447
ews,0.002296449322928749
rid,0.0022944542548259356
oll,0.002294417120515413
eam,0.002291294272927088
nse,0.0022897926088606235
pon,0.0022883211109436252
jud,0.002285972124183831
nl,0.002284877675193352
pan,0.002282224794864247
", h",0.0022812629249336818
loc,0.0022778302028260266
emb,0.0022738445249765667
ht ,0.0022732294993655163
rp to,0.0022723142205943745
fig,0.0022674080281701765
o w,0.002264101675960191
agr,0.0022582526699516286
nds,0.0022551833577637947
opl,0.002254864087604156
mem,0.0022506983266449066
50,0.0022493785823450166
cc wp,0.002248624385067501
vel,0.0022485642614364343
lan,0.0022431077784079655
r.,0.0022399148339607004
vbn cd,0.0022399048151763804
udg,0.0022380669478116438
mak,0.0022378389053609622
eed,0.0022326810041078523
ars,0.0022296520585306616
nno,0.002228729896904205
e 1,0.00222439640990944
l f,0.0022236454338111487
pt,0.002218495245830294
"er,",0.0022166685407195323
 ga,0.0022154066373729947
. h,0.0022141483149410945
vid,0.002209089763537376
xp,0.00220258202726542
vb jjr,0.0022019398056073204
ail,0.002201069035088885
say,0.0021999297858047813
bli,0.002199152212758845
fin,0.0021978299497901355
sm,0.0021973601655171744
y m,0.002195173536859707
wed,0.0021942182346599355
g c,0.0021940240400512524
erm,0.002192636421509757
o b,0.00219079039080438
wp rb,0.0021907103298532135
fac,0.0021891056489512467
hea,0.002187833105515454
aus,0.002187307157982395
o d,0.002185120337040506
usi,0.002184824114931672
ker,0.0021831027636928964
clu,0.002182646041568505
00,0.002180696171850672
ncy,0.002179886598878595
ncl,0.002179745278090302
vin,0.0021763382989561848
tea,0.002173751362903743
urc,0.0021721289707071125
peo,0.0021718539233878415
a e,0.0021695468004903607
to vbg,0.002169339652785639
jjs nns,0.002169221015021475
ima,0.002168948716974166
rv,0.00216881691358724
 6,0.0021647302303929245
ual,0.0021630286071519468
hen,0.002162458526393786
cco,0.0021623095612464697
o l,0.00216024575843864
nou,0.0021579881632643946
iss,0.002152759981449137
rp nns,0.0021515685236571792
eni,0.0021491352201204583
y b,0.0021415814202917693
ms ,0.0021412177229214588
rol,0.002136731291894624
dl,0.0021343048718396496
e v,0.002132900669556618
us ,0.0021322492375230747
d m,0.002131629167222864
. w,0.0021276248756281844
emp,0.002126361163613136
get,0.0021261772080153974
f a,0.002123594737766094
nm,0.002123052515865769
gin,0.002118977728211536
kes,0.0021171704425398587
ach,0.0021170625066983914
", c",0.0021168273830796448
a t,0.0021144372834581066
vbp vb,0.002113124779494831
eff,0.0021128410562639846
"g, ",0.0021128334060357403
"g,",0.0021128334060357403
ece,0.0021124807723293362
lar,0.002112267310991712
 ef,0.0021064989918739
ed.,0.002105298044785649
ws ,0.002103663912567825
fri,0.0020978616910794536
y h,0.002095220604587554
mme,0.002094116414244123
"ng,",0.0020907533760752646
nth,0.0020905279389723604
o f,0.002088488776098197
g w,0.0020881497917069947
 mu,0.0020871609627976994
rro,0.00208685029225202
o h,0.0020849491681919673
spi,0.002082990776070863
del,0.0020829864995998114
 au,0.002077322670564155
tle,0.0020755858773319484
row,0.0020739221060815543
ses,0.002073747936770883
ans,0.0020705504403077946
mai,0.002070369779844263
rde,0.002069774032870432
arg,0.0020680820970444057
n r,0.002067672038121256
rse,0.0020624950485689047
dt dt,0.00206169103522853
ful,0.0020598181334990705
cus,0.0020577254631719147
rul,0.0020573075247844264
ark,0.0020560097392685875
cc wrb,0.00205531111660923
"on,",0.0020552975989865095
5 ,0.0020544721239814322
cla,0.0020518912671342636
cte,0.002051288800414303
t n,0.002050876310688396
lso,0.002047800826311252
 ea,0.002045867121099532
cer,0.0020404688100306182
inf,0.002038906352954272
dec,0.002032610378091319
nta,0.002031852369184399
ges,0.002031461362655362
sur,0.0020287707567613394
ein,0.002028405075501069
a m,0.002027881301412931
2 ,0.0020261155879144183
lis,0.0020257049229102826
imp,0.0020243163589170623
hom,0.0020226118553201785
erv,0.002022458540735432
los,0.002022219607757958
equ,0.0020214273678247153
eq,0.0020214273678247153
exp,0.002021060942362335
ik,0.0020189490097597853
tol,0.0020163483205806886
lai,0.0020154881205901097
wrb nn,0.0020143220532262136
ze,0.0020109699963675285
in wdt,0.0020095828864095714
ied,0.0020089118682356157
y d,0.00200561433342823
orn,0.0020012260005476813
in vbz,0.0019987302347133076
 br,0.001998262248137078
nn vb,0.0019966903830146367
"es,",0.0019951753986454006
bec,0.001994702453595253
rth,0.0019942700687542976
now,0.0019916946858284713
las,0.0019911468024695653
vbd rbr,0.001990634265558494
ell,0.001989918831713156
vb wrb,0.0019887278938091053
", b",0.0019883068465068364
d n,0.001984960289539813
ay.,0.0019839515216954814
g h,0.001982822935365739
tre,0.001980556185423716
oti,0.0019802414175091104
ike,0.001979640524787607
omi,0.0019796104667607274
lud,0.001979410178530928
urt,0.001979049697714608
hip,0.0019768955440188497
gal,0.0019726112771586107
ult,0.001969468087954264
def,0.0019672799020031047
 25,0.0019666026756563707
hos,0.0019639823503510945
lk,0.001962322259881626
rne,0.0019614466205844375
pli,0.001960767697367847
mis,0.001958258325969404
ete,0.001957591340633262
alk,0.001954921051051225
ol ,0.0019531938506912932
rly,0.0019486421587626044
jjs rb,0.0019476937398890271
aw ,0.0019467376734507566
lot,0.0019439686640633528
nn rbr,0.00194234574391183
uti,0.0019417689567928936
 ti,0.0019408649771835988
sui,0.0019394768256397281
vbz vbd,0.001937518161992904
ved,0.0019311832072176065
did,0.0019287902297794438
pac,0.0019287882576844346
mpo,0.0019257729825679737
dn,0.0019241774932939445
dt vbp,0.0019240309994421683
a r,0.0019236412189083676
lig,0.001923032230311888
cas,0.0019223542445281887
rge,0.0019184471521429658
d l,0.0019162765005703596
nsi,0.001915075018696178
tud,0.0019133151583624196
prp to,0.0019128312685950475
sy,0.0019089832165239203
ema,0.0019088526370649708
ani,0.0019075279500339727
ari,0.0019054778094117545
mit,0.0019039419146484541
sk,0.0019024327983702114
 cu,0.0019021809079770304
eem,0.00189992880235276
wrb vbg,0.001899202708385386
ubl,0.0018969423922204475
ang,0.0018960936067704273
nci,0.0018939986491551199
ano,0.001891788811821752
hor,0.0018912339415506718
nne,0.0018909002165766588
irs,0.0018893502650221968
imi,0.0018882883235273918
f i,0.0018879582063748724
atu,0.0018878892292852633
ph,0.0018873838899979216
l l,0.0018868831893377308
bor,0.0018843149346271766
tan,0.001883993946094091
stu,0.001883436250184024
pub,0.0018818911872945285
rp nn,0.0018780856541100739
r h,0.0018759777706859038
rd ,0.0018714739504456655
rni,0.0018713429005637334
w t,0.0018689751782132835
beg,0.0018655508533000707
dre,0.0018653706130797886
cle,0.0018573132652453205
wdt prp,0.001856935276132978
ita,0.0018566937605925867
mpl,0.001852939431160637
que,0.00185204151961061
cut,0.0018492702975625966
reg,0.001849038617497232
lon,0.0018465404336552723
250,0.001846413970084742
on.,0.0018447251936060216
nme,0.0018433878731065618
mov,0.0018432291771019599
u ,0.00184073842298482
ps ,0.0018389697386209287
ffo,0.0018380866102539536
eci,0.001837638919784713
t v,0.0018364962505105352
aut,0.0018364494438334981
cel,0.001836335284182723
nn jjs,0.0018350477252445
dd,0.0018346950550482157
omm,0.0018307348310880136
rn ,0.0018301685359436467
tec,0.0018278686343547099
ria,0.0018256064930377183
l w,0.0018234532454419888
vbd cc,0.0018229945653907118
cd prp,0.0018216034694695004
r. ,0.0018201610538416872
w.,0.0018196067762231841
lia,0.0018184826815929066
ots,0.0018158324720873812
onc,0.0018147181333738585
onl,0.0018133041372219102
rai,0.0018066064744655366
rso,0.001803884154292518
ndo,0.0018035227893021548
id.,0.0018014566266935472
fou,0.0018013604858570268
jj vbd,0.0017977357654062477
il ,0.0017974998341199712
n b,0.0017927238559330258
try,0.0017917532875362057
orc,0.001791446567782103
len,0.0017878067942675826
mes,0.0017874146056221032
r b,0.0017850575597173843
pec,0.0017819461672538557
fre,0.001781310185979666
wha,0.0017804156819376889
blo,0.0017744021095809064
clo,0.0017718211939318654
cc jjr,0.0017708379911578933
tak,0.001766734181721904
ise,0.0017653505832409297
rev,0.0017632948838884326
"al,",0.0017621455488103374
wr,0.0017618966363225947
scr,0.001760428947901697
dit,0.001758777064919962
som,0.001758544032542799
ath,0.0017552712546820776
ue ,0.0017538176612613354
 wr,0.0017520342085753974
duc,0.001749239122239821
ese,0.001745867460446551
efo,0.0017441999478445657
ged,0.0017425238297807096
a l,0.0017421652740132827
dat,0.0017418549888492383
van,0.0017414823118951732
 dr,0.001740654469572972
 va,0.0017386694972971969
hes,0.001738531687873009
poi,0.0017385132430165224
abl,0.0017383428132257813
um ,0.001738105483518874
s u,0.0017377678925888723
ppl,0.001734915615813489
cau,0.0017349151027957633
gs,0.001731706070993379
rp prp,0.0017303472320347587
nn ex,0.00172960922062826
ym,0.001728894479708402
nfl,0.0017263984749947394
eca,0.0017257686140148768
o i,0.001725679265823129
vbd vbd,0.0017250532165226404
sat,0.0017240133327243088
vbp jjr,0.0017214712873865107
cos,0.0017198967734576734
rar,0.0017187843447163116
etu,0.0017172385558355317
f d,0.0017162248781103376
bra,0.001714933543968975
hre,0.0017086248593098617
wdt dt,0.0017082237604266006
. s,0.0017080556501478483
. b,0.0017076326297432436
him,0.00170475120518542
ifi,0.0017039910565554242
nor,0.0017039763527136314
sel,0.0017033528515815223
to in,0.0017033446932509994
uth,0.001702974742806752
uar,0.0017021524553149237
a d,0.0017008502131429669
nam,0.0016978368427856105
l m,0.0016967806398215616
ia ,0.001691823342576127
n d,0.001690789928895697
sla,0.001688683491201079
a n,0.00168847007697239
bac,0.0016876979298397943
efe,0.0016873994837320165
ril,0.0016866837819697876
ex vbd,0.0016849528137354054
sea,0.0016839623033816965
rs.,0.0016833720816859337
in to,0.0016813868747726796
g.,0.0016811035192742904
1.,0.00168043085786461
evi,0.0016803957379309558
rri,0.0016776611436766834
ou ,0.0016753390085377444
dt jjr,0.0016744525322422235
dne,0.0016714791736498914
edn,0.0016714791736498914
", 2",0.001670687240548278
ppe,0.0016705396866852475
maj,0.0016697894557579339
aj,0.0016697894557579339
ier,0.0016690125376210532
op ,0.0016679295214039808
orr,0.0016669636829647085
eet,0.0016661725461099334
gro,0.001665038419903114
bs,0.001665016625898866
n l,0.0016641292805304798
uit,0.001663988552600309
ovi,0.0016638893504411108
nnps nn,0.0016629072595413172
cis,0.0016628719265117278
pit,0.0016624210397306236
bei,0.0016604109637604278
 5,0.0016603342310156045
 ro,0.0016582603582493479
fer,0.001656895469718112
bef,0.0016551455042179701
21,0.0016527314189570784
may,0.0016519356732977736
fil,0.0016510130329572853
pin,0.001650809939902066
irm,0.0016506496867178782
ng.,0.0016490505984553133
6 ,0.0016483519733288487
ajo,0.001648235086050444
jor,0.001648235086050444
oe,0.0016480322551306304
hig,0.0016475772753167732
ee ,0.001645816372065863
onf,0.0016452054437410925
cap,0.0016443348578209583
e 2,0.0016442106723322575
ssa,0.00164380575030709
gl,0.001643170848427286
oke,0.0016418659558489596
"rs,",0.0016414448974194714
ngs,0.0016395730100368427
4 ,0.0016395561953058031
eti,0.001631254632796124
ts.,0.0016299079952169883
r r,0.001629359740239067
dep,0.0016273584773947192
xt,0.001627061686536543
nk,0.0016258076117532303
ext,0.0016256770033806621
rio,0.0016244532523935523
k a,0.001622562511366796
mag,0.001622547058345879
lg,0.0016224229293053788
nns vb,0.0016215652916066105
 gu,0.0016201212586634715
mea,0.001616756576208547
chi,0.0016163740444065098
car,0.0016149756095607405
nfo,0.0016139598127870767
", r",0.0016139179100992298
l.,0.0016118646056550356
tc,0.0016077947509837275
h i,0.0016064038416831058
lim,0.0016050237389591035
am ,0.0016038515324685934
iou,0.001602127035503169
eng,0.0016002411408951082
lf,0.0015998170986091156
hel,0.0015981442800832822
alt,0.001598097993641569
oy,0.0015958357662340097
a b,0.0015942123727724885
we ,0.0015937753952015663
ffe,0.0015919295702328294
m e,0.0015913139501143327
nch,0.0015901671723255399
a w,0.0015901500458482016
inu,0.0015900874373554145
hal,0.0015896668442737392
hem,0.0015894631982775681
3 ,0.001587918943187858
eep,0.0015870152674627481
nit,0.0015861520092244456
aim,0.0015855023278170913
ato,0.0015852693455853971
ize,0.0015845451262827197
rbr in,0.0015839498058373715
vie,0.00158351353882149
o g,0.001582806043312947
 hu,0.0015819979691978953
air,0.0015805505677178096
gne,0.001578754253546723
igi,0.0015782292776207669
wp nn,0.0015756754031570645
vis,0.0015745882208226972
h o,0.0015737996557088115
uct,0.001570049666463185
sn,0.0015686161509741322
ool,0.001568445186063055
m.,0.0015675172210797021
uni,0.0015671253896082026
w. ,0.0015668840437092172
gis,0.0015665396390363733
", f",0.0015632055032165995
jus,0.001562969365536133
dem,0.0015621728634396548
san,0.0015614493971653578
add,0.0015604082228038044
 q,0.0015585200017251338
fai,0.0015581943970774397
ism,0.0015548902175361444
ork,0.0015546595717093256
ow.,0.0015531222583132988
nea,0.00155209159576212
x ,0.0015483036654694161
nly,0.001546511939809921
60,0.001545894220161227
set,0.0015450326176848473
ros,0.0015445239228361954
ebr,0.0015439410924077148
ger,0.0015425601027040535
lik,0.0015408715320093512
dt prp,0.0015408287947123174
e u,0.0015394347430030722
ela,0.0015390784242344973
ula,0.001537437142040849
ish,0.0015340969931843108
ute,0.0015333304342089286
oss,0.0015326279520907285
suc,0.0015324339415055917
iew,0.0015323825362445905
wdt nns,0.001532337447037676
. o,0.0015322023144787938
nnp vb,0.0015311277480389016
top,0.0015309841906878108
cce,0.0015308877626606264
edu,0.0015290592027225193
log,0.0015284149867675666
div,0.0015278433568241478
sun,0.0015256912011806104
ech,0.0015237243546702666
ett,0.0015227346880576102
ume,0.0015194317252380809
je,0.0015191283436027726
ron,0.0015161015342357103
ert,0.0015137926316887839
ump,0.0015132721977572682
y l,0.0015121710121316259
val,0.0015103149377927209
yi,0.0015091475214378397
 us,0.0015083518171976297
gul,0.0015078818632243158
req,0.0015077552427685068
aws,0.0015068055113795211
ref,0.0015067055393977974
g. ,0.0015040512091522126
mos,0.0015038507283470087
 if,0.0015030776020853454
if ,0.0015030776020853454
wsu,0.0015023889633717967
adi,0.001501034611869376
rvi,0.001498824586161362
in pdt,0.0014987283644308077
tb,0.0014985902205082947
ena,0.001497400970135833
dv,0.001496829399397926
r d,0.00149668761652045
efi,0.0014943411340556535
 ot,0.0014909822917438828
k t,0.0014894592220552321
p t,0.0014886512064448678
hol,0.0014876759893513935
pok,0.0014871008256287285
ild,0.0014865434860295672
 fl,0.0014859721412521685
m. ,0.0014843645175104231
yer,0.0014842559771905714
wat,0.0014836231003762293
cam,0.001480426052738073
jec,0.001479419303888298
 1.,0.0014785245953080667
eks,0.0014773854036582604
rum,0.0014736451269558707
"ed,",0.001472604663879494
fla,0.0014723658987518134
oes,0.0014718400260336638
nom,0.0014703057156724927
 em,0.0014701813889678654
o m,0.0014700875711408682
hts,0.001468199861964383
n j,0.0014667688253473606
olu,0.0014646577357792009
tch,0.0014644150747136376
way,0.0014642145128753988
rop,0.0014624404271265865
rnm,0.0014623042425458313
lks,0.0014596558294148125
bot,0.0014593806325736306
ery,0.0014581039574225823
wea,0.001457391145562295
aff,0.0014561841806819554
lti,0.0014550764243477592
vbz jjr,0.0014535156900569702
uts,0.0014527474683727675
adv,0.0014524712543239
epa,0.001450982137985571
d u,0.0014501791287142014
g b,0.0014495974498709208
f h,0.0014495743678423505
t 1,0.0014480518442803844
fam,0.001447021505796825
rb rbr,0.0014448742585122893
run,0.0014444705197604942
itt,0.0014399007781992674
kn,0.0014383845682659395
t .,0.0014373489224366442
oni,0.0014372703915537471
yl,0.001437144733213917
fen,0.0014362058664173789
mee,0.0014357637086453798
sf,0.0014342505909082386
sol,0.0014315502000931176
"t ,",0.0014312966853532434
ssu,0.0014292214454336995
qua,0.0014287816841886713
 3,0.0014285124465857693
dy,0.0014284566608433504
roc,0.0014253836889811873
nov,0.0014235261217469355
ull,0.0014220204933544519
m i,0.0014202959245369275
ode,0.0014199882613404652
ntl,0.001418875926465551
riv,0.0014173277755115327
liv,0.0014163194430137937
r n,0.0014160811896473159
roo,0.0014135508762770374
d g,0.001412317643680272
no ,0.0014118454628564937
put,0.0014065496702666293
ory,0.0014055473739188454
eh,0.001404457923839867
 qu,0.001403905731545892
ney,0.0014036404862945004
qui,0.0014034748944852043
 60,0.001402395631892493
lum,0.0013998133678977274
uli,0.0013979517420840038
uch,0.0013977290357889333
a h,0.001396178522818186
ns.,0.001396009856910455
nni,0.0013956287590324034
ppr,0.0013950769891546678
lay,0.0013877120769458513
niz,0.0013872351777919568
tac,0.0013864290546797763
 gi,0.0013863247793345418
prp rp,0.0013861149813718153
pay,0.0013850315690303785
hs,0.0013839477893545287
ets,0.0013837478878021361
loa,0.0013825977844488
det,0.0013819792478642263
gg,0.001380833872731706
60 ,0.0013804346717643148
inn,0.0013785821043061004
ono,0.0013768311186586862
arn,0.0013765303998696415
udi,0.0013756779837231954
l j,0.0013736369601432426
far,0.0013725337053932792
sev,0.0013718429691215797
too,0.0013699488541902402
aro,0.0013682899029603473
ban,0.001367938841845909
oma,0.0013677439885094447
eso,0.001367618073554318
lif,0.0013670935544706534
tai,0.0013659185551981473
h s,0.0013655277507248836
ued,0.001365284348024358
ccu,0.001363458393825646
leb,0.00136260676416213
8 ,0.001360793553392355
ul ,0.0013606856184691693
ule,0.0013582864007357523
", j",0.0013581273754024307
em ,0.0013574272861029504
mod,0.0013573063324319695
mp ,0.0013568153250209697
 ic,0.001355181700254734
26,0.0013545978026870671
ara,0.0013540782148733165
sib,0.001353760229370997
yin,0.0013514716044600978
", o",0.001350151975172241
ae,0.0013485895718930753
rsi,0.0013485250944860665
eva,0.0013460942171067412
ngr,0.0013451459643853113
ook,0.0013445026600313395
 jo,0.0013436038824295496
mot,0.0013417149529522676
isc,0.0013403989600240254
tif,0.0013386265767510773
ff ,0.0013364857295260152
t j,0.0013351308631968856
erg,0.0013337836240654335
pot,0.0013327130407270972
vbz cc,0.0013315123179415166
ash,0.001330241476102991
kno,0.0013295866576495028
 nu,0.0013273586087852048
r l,0.0013273352285405472
nan,0.001327146678506942
 ke,0.001326185313668708
m o,0.0013253902387915131
za,0.0013249902784605908
lev,0.0013233742171406698
lue,0.0013230678064568872
ek ,0.0013229542982726237
t u,0.0013226265480320548
p.,0.0013208684770672683
f p,0.0013207351109370484
afe,0.001320392994498575
saf,0.001320392994498575
aki,0.0013197740577410885
sma,0.0013184838107572602
umb,0.001318415589431145
ibl,0.0013182042760833252
uto,0.0013168908921037108
f o,0.0013166004011824677
 es,0.0013163093441996255
eno,0.001315645657751293
", p",0.0013145666556047212
ien,0.0013135279631128001
ex vbp,0.0013120186638798732
f m,0.0013102664450592868
epr,0.001309596016821369
cie,0.0013089881747481668
g d,0.0013074986434934983
ily,0.0013061972601734612
isl,0.0013054335226750468
026,0.0013050535504235466
cro,0.0013040120654272446
rda,0.0013039296665569317
f f,0.00130274064159723
oj,0.0013012332235102279
asi,0.0013005520390169038
cd md,0.0012989478777681337
iso,0.001296981366801332
w e,0.001294452411207361
bet,0.0012936344073008238
oot,0.0012928802584255355
iza,0.0012928271534778045
", d",0.0012925955435169393
bre,0.0012923349789622633
 ph,0.0012905827055832765
gua,0.0012883486946411074
tly,0.0012880754240439515
a g,0.0012879200415209116
owi,0.00128716595878099
ocu,0.0012858581920510534
50 ,0.0012857768655273492
gan,0.0012850440567946076
wl,0.0012844904359044804
wro,0.0012843310595258477
nio,0.0012822090524642206
ruc,0.0012818121522054852
g u,0.0012802490600087567
", m",0.001278838691799304
tta,0.0012777486832396818
 ki,0.001276875548311778
", l",0.001275760203515198
dly,0.0012723045943130158
vat,0.0012707310962503805
aci,0.0012704653016038755
?,0.0012697862265492058
e j,0.0012689929359854912
tee,0.0012681490099347732
urd,0.0012674976411214114
vil,0.0012671791457446917
t y,0.0012612163983820195
er.,0.0012601283933669296
fie,0.0012601238342390675
aye,0.001259703683570865
fol,0.0012592602767284417
g m,0.0012590815599707696
esc,0.0012583985248165609
p. ,0.001258018815476786
err,0.001257353108694279
. f,0.001256167573025122
vbn wrb,0.0012533871423665596
rb jjr,0.001251741596484123
rna,0.0012512617260879292
jur,0.0012508921525632702
w w,0.0012507063125272223
rta,0.0012506574574765578
pic,0.001249278648377081
 4,0.0012490652683313272
fal,0.0012490211566370286
14,0.0012484164905139615
ior,0.0012472513675728708
xpe,0.0012467911440910851
oca,0.0012450648769313781
cum,0.0012448190792974218
g r,0.001238842927901635
ife,0.001238430281614741
rk ,0.001238145300472334
vac,0.001237702508302543
l h,0.0012372394168103588
dy ,0.0012369340064104276
sis,0.0012362825185686912
hy,0.0012349974964510528
sue,0.001234549358911829
dal,0.0012322517055669588
usa,0.001230653685920959
opp,0.0012297274103789193
ibi,0.0012296906050464486
big,0.0012290634714864402
ep ,0.0012285916096604265
til,0.0012255832554313214
ls.,0.0012250096974232504
ram,0.001224952088172467
m p,0.0012245229099798586
eth,0.0012232733588034745
loo,0.0012230077985595752
lf ,0.001222651024014966
ova,0.0012224486387362157
rew,0.0012217688752129755
osi,0.0012196827559343517
etw,0.001218924064787452
uen,0.0012161123156801397
iev,0.0012159951161825131
gn ,0.0012135481792416689
a v,0.0012129637282222749
pho,0.0012125341395668324
y n,0.0012120941971393343
rch,0.0012118339223378422
dic,0.0012116227668656694
 ed,0.0012108161002257485
ole,0.0012107086036476451
h f,0.0012104761896837505
vio,0.0012080071165457699
urr,0.0012048956511897574
mal,0.0012048605162944834
mic,0.0012041217054786328
dom,0.0012038938437962405
tti,0.0012023633829799803
ean,0.0012014376167956743
h h,0.0012014106239781458
spa,0.0012013259862365953
my,0.0012010514191909448
rob,0.001199646966614094
fec,0.0011990842514601864
aun,0.00119525894617852
epe,0.0011943623432683402
gs ,0.0011934064611815653
w a,0.0011913144483799959
ama,0.0011882630837881628
net,0.00118668666373127
alo,0.0011841466846016831
l d,0.0011840018010056093
cs,0.0011812739080150584
y g,0.0011783185266193298
edl,0.001178021431690472
eld,0.0011745450725728298
num,0.0011742006045030785
hti,0.0011734588276971238
 pi,0.0011728523353572622
g l,0.0011704969611774669
gam,0.0011699779898071507
oce,0.0011675799962142458
rgu,0.0011638680300483026
nen,0.001163816343667886
vbz vb,0.0011636204767036954
lla,0.0011628667062452544
opi,0.0011604994093965103
zat,0.0011596174133544923
eds,0.001157479799650465
egu,0.0011552956541348424
0th,0.0011544503631840644
0t,0.0011544503631840644
rof,0.0011537550438480459
n 2,0.0011536430992993608
isa,0.0011534438663690241
hoo,0.0011517923506380449
tm,0.001150345972892517
ogr,0.0011502503967558016
hs ,0.0011494415672009975
do ,0.0011494207088914225
giv,0.001149330275330453
"ts,",0.0011485293886680172
"ry,",0.0011481456362310116
f c,0.001148087898814991
asy,0.0011461185274743847
tsi,0.001145889408976643
24,0.0011457465603982892
cem,0.001145025889603451
. p,0.0011446045239377127
nnp nnps,0.0011441134370353543
 19,0.0011411486903528654
col,0.0011408319562762907
jj vbz,0.0011401872209020661
lac,0.001138289534182038
rp rb,0.001135830963605144
scu,0.001134763788661884
ths,0.0011344852742981046
snt,0.001130827595891016
19,0.0011303663758274953
1 ,0.001129254184295491
tou,0.0011284500896392375
oje,0.0011265594221998934
roj,0.0011265594221998934
sk ,0.0011260033621259043
"h, ",0.0011247232784589473
"h,",0.0011247232784589473
xe,0.001123745335542033
ics,0.0011232352329513776
cil,0.0011214752779950183
 my,0.001120562046294839
rer,0.001119848188439134
o n,0.0011191541665889315
rmi,0.0011184001171575138
rad,0.0011183277246640732
dir,0.0011181673051361305
 ec,0.0011164107950566427
non,0.00111579792205212
o o,0.001115121100672964
ix,0.00111479187126072
nar,0.0011144995563577842
hot,0.001114125659207349
uel,0.0011125800794828161
yme,0.0011121148345409019
sg,0.0011118103831156234
tab,0.001110401052671422
omb,0.0011103442354192142
rf,0.001110075589039087
12,0.0011098794911337515
k o,0.0011089708202965392
l n,0.001107308342397996
ats,0.0011054954526214368
oom,0.0011046349030980865
l. ,0.0011041059437541818
zi,0.0011005333136987483
uin,0.00110004093908689
met,0.0011000335945272211
nue,0.0011000275832643049
hai,0.0010992704829405993
wel,0.0010977010439863636
ipl,0.001097287430666093
oto,0.001097165131150111
hn,0.0010953485132821964
ka,0.001094104408077383
arc,0.0010932613975341448
ury,0.0010927051250268864
dev,0.0010920665052740277
ae ,0.0010917085745389785
bas,0.0010910913320270688
ubs,0.001090112640057544
"k, ",0.001087532021179553
"k,",0.001087532021179553
g n,0.0010866337036705023
10,0.0010860240796937493
rki,0.0010854951339661003
uat,0.001084135636951603
a 2,0.0010809215778766266
wwo,0.0010800785250190857
eww,0.0010800785250190857
ww,0.0010800785250190857
ndu,0.001080009448109211
 kn,0.0010788710102630648
avi,0.0010782890840622546
fe ,0.001077813250268784
uil,0.0010760122783191903
wom,0.0010741576183668016
ian,0.0010715050064642618
"0,",0.001071487177997954
ty.,0.001070948121551142
acu,0.001070265323431938
p f,0.0010692546855681012
civ,0.0010667387479661764
amp,0.0010665325972249854
gue,0.0010654432593944787
sub,0.0010651828686893338
mus,0.0010644142249870113
don,0.0010635403681757362
 sl,0.0010615394437788694
 sy,0.0010595678499494118
owl,0.0010592639068788949
tto,0.001059105261380789
atc,0.0010567145270105969
ady,0.0010563082918507737
edo,0.001055859807065875
els,0.0010556392780593673
chn,0.0010550281661102217
ttl,0.0010533828425095108
pti,0.0010532016823536026
yst,0.0010530637968128626
fra,0.0010525650356591162
bus,0.001051412601490884
lut,0.0010511603691401158
ink,0.001050740696681506
cki,0.0010506230600325485
iff,0.001050563291008083
en.,0.0010495175121168294
m h,0.001047289592730877
eig,0.0010471112955076115
r v,0.001046965725011181
doe,0.0010456040171900646
fue,0.0010426166275275058
ata,0.001040133754887518
ais,0.0010380105889733783
mpt,0.0010378825523923057
"ns,",0.00103785500576087
nof,0.0010365864664741364
vem,0.0010360248611591787
zen,0.0010349467378299693
ego,0.0010348196987289456
f w,0.0010333875857990735
 10,0.0010326113660975716
sag,0.0010315399496327881
soc,0.0010304179560580427
ppi,0.0010295647532446634
h.,0.0010295141555970962
lth,0.0010285751409558177
m s,0.0010283484236393058
poo,0.0010282695740697363
w o,0.001027687812432557
asu,0.001026243884763194
ipa,0.0010258686427179558
neg,0.0010247032554642444
s v,0.001024547107353977
aps,0.0010244686481206188
rli,0.0010240432554485847
n n,0.0010237978021677674
tag,0.0010234863941229555
fat,0.0010221867643567747
org,0.0010214583362050502
acr,0.0010203988020254604
lem,0.0010201840734766847
gy,0.001018819208903729
rog,0.0010180393230412972
vol,0.0010176481882732229
rds,0.0010165901496001699
my ,0.0010156178158772836
pt ,0.001013833680359959
ask,0.001012674497484049
lr,0.0010114744702333014
o v,0.0010113379567916125
jjs in,0.0010104584544385602
rag,0.0010099874146322315
h c,0.0010091597546866974
v.,0.0010084857560858117
acy,0.0010081808933974806
nig,0.0010077703417280175
cho,0.0010074521561297092
xc,0.0010074485054437797
exc,0.0010074485054437797
15,0.0010069583910319582
? ,0.0010069395628094888
plo,0.001006046046735618
dam,0.0010054248626369135
nie,0.0010038681195798866
siv,0.0010031025582119123
mid,0.0010021344332912618
m n,0.0010019674257096042
np,0.0010016319727690864
pat,0.0010015383524090708
abi,0.0010004584156284779
r g,0.0010002346330288464
y v,0.0009996568616561703
rns,0.0009996484312241834
ry.,0.0009966527794128708
ams,0.0009959991537994946
22,0.0009955159156653914
got,0.0009953077151449007
lv,0.0009943341459630662
olo,0.0009934194697347248
uf,0.0009928250236380103
rty,0.0009919701677559135
twe,0.0009918917159170623
eap,0.0009918222653281673
ldi,0.0009917601123911849
cra,0.0009910240410187687
ito,0.0009905603874753371
hy ,0.0009891705916110934
16,0.0009887218922540809
iol,0.0009884749239506506
lm,0.000987837560257732
gni,0.0009869354562716537
irt,0.0009861230334003265
tit,0.000984719187940512
lt ,0.0009839026016054471
h b,0.0009832035897388222
cid,0.0009826912884514948
ana,0.00098224646001615
sle,0.0009802200486981273
00 ,0.0009798638278587688
13,0.0009797282491016822
 13,0.0009797282491016822
cto,0.0009796174118959276
f b,0.0009780305352711622
prp prp,0.000976855221148415
lls,0.0009767210884264405
dua,0.0009766743809460387
idu,0.0009766743809460387
pai,0.0009766349091568818
dra,0.0009748119226451454
won,0.0009747123622647611
oba,0.0009737267711083762
ror,0.0009728308279923641
bul,0.0009726839171259376
gna,0.000972246554385565
m f,0.0009719758007379045
lob,0.0009719451260412357
ep.,0.0009716717940052147
me.,0.0009708278800070962
uir,0.0009698110864516865
oci,0.0009680157444308923
icy,0.0009666453408696183
gio,0.000965316296806424
mul,0.0009650149798142541
oor,0.0009649757411541942
nfi,0.0009647142492348234
ft ,0.0009635540037408051
hd,0.0009631914835851701
6.,0.0009625188806154063
fle,0.000962478503247874
7 ,0.0009618998632890919
ips,0.0009617363542624023
sam,0.0009615189208935649
het,0.0009613539404897987
sh ,0.0009604559020142564
coa,0.0009601879142171577
glo,0.0009596640551835685
bri,0.000959293800649783
. d,0.0009585961086101528
 gl,0.0009572543739334022
ndr,0.0009557402534908573
uno,0.0009542278987221919
ipp,0.0009531062360305292
p a,0.0009530716884647661
ok ,0.0009501325672749709
oup,0.0009497260482216005
 ow,0.0009488165123588176
lau,0.00094878971764247
xa,0.0009467302975240464
thd,0.0009460441290343099
bb,0.0009459996131824434
ton,0.0009455686238541185
ige,0.0009448649426017196
elo,0.0009439900572775214
hun,0.0009437650658785403
kil,0.0009416075446871613
foo,0.000941556839095086
n v,0.0009411510756628953
iva,0.0009405631050477507
lp,0.000940555778589259
lid,0.0009405152665176629
g g,0.0009400578490085985
rga,0.0009392164249296783
eav,0.0009390786889182097
c t,0.0009373681181429579
loy,0.00093733770410201
sul,0.0009366984312865433
. c,0.0009363429406242922
l g,0.0009352424650218522
lre,0.0009345211518469675
alr,0.0009345211518469675
yor,0.0009343521130939554
ayo,0.0009343521130939554
k b,0.0009334175701443644
 ni,0.0009330481292683817
n u,0.0009324351176790475
gy ,0.0009319310381022453
nco,0.0009311622491691596
ctu,0.0009307948794388909
a.,0.0009297316001737059
v. ,0.000929728772892603
arm,0.0009295752175578838
o u,0.0009291457583793948
ucc,0.0009290841715078038
bui,0.000928007192391167
olv,0.0009271847040698794
 14,0.0009266347896673071
xt ,0.0009263964419267474
esu,0.0009249659518690035
sw,0.0009243044166527502
fit,0.0009241761559972592
eft,0.0009228447263497515
hon,0.0009213209498491677
vbd vb,0.0009209812522744027
h r,0.0009202594232843291
ief,0.000919779070234668
rks,0.000919299194605977
sch,0.0009173480996592027
cin,0.0009171439850011191
wan,0.0009151200577912149
utt,0.0009150865673542232
nee,0.0009142942657304814
re.,0.0009135591230332915
18,0.0009132743171447712
df,0.0009115397013397856
ja,0.0009108350426367059
doc,0.0009105136909635941
te.,0.000909580703702907
mel,0.0009095363935569974
bro,0.0009094741919422299
ayi,0.0009083550426775003
sco,0.0009083137054731105
ony,0.0009069176718724626
 il,0.0009059281578545602
 ja,0.0009057735139986053
fli,0.0009050306565486219
pir,0.0009049851608255155
ly.,0.0009028219232279647
amo,0.0009017034493513768
rno,0.0009014664603813473
s .,0.0009007207267391256
"ls,",0.0008996448998588211
rp,0.00089946504775396
ota,0.000898952881965559
h w,0.000898706005727967
oil,0.00089685910891536
dee,0.0008963332667533447
ax,0.000895262414139085
enf,0.0008943931261893813
nsu,0.0008922517849506876
ddi,0.0008917800236743193
nut,0.0008908444223654119
ex ,0.0008904182086182707
cs ,0.0008901929341939858
pow,0.0008899997901547454
aud,0.0008898955221602825
h l,0.0008869020691444813
apo,0.0008863259923368222
lef,0.0008851804403669872
uss,0.0008851652740844999
tip,0.000885003857256435
hl,0.0008822466359462075
cov,0.0008817596541608621
cka,0.0008814210070917616
goi,0.0008813040756012233
toc,0.0008807065280538993
tme,0.0008802472157480394
lve,0.00087417064183689
"1,",0.0008735193333606249
nag,0.0008734553604311952
onn,0.0008724218378935405
nju,0.0008723396826409018
inj,0.0008723396826409018
cts,0.000871777847971316
fs,0.0008715313134871837
s y,0.0008709855757060666
in ex,0.0008707134997479792
ood,0.000868041982183543
dt md,0.000866367429217982
h. ,0.000865520650284147
 21,0.0008632393538705767
y 1,0.0008623767700833391
nj,0.0008609211326326047
12 ,0.0008603059316739146
nd.,0.000860284022675411
web,0.000859132340558545
zin,0.0008577449742701473
itu,0.0008551703903419721
mad,0.0008536459097666273
n 1,0.0008534356192673876
bel,0.0008529741174991093
rtu,0.0008523844929399022
ffs,0.0008514061591574052
ows,0.0008494817671172374
ofi,0.0008476738194601343
od ,0.0008476166013146488
ung,0.0008471460732024799
 ai,0.0008468119764993637
17,0.0008464900033746054
iw,0.000845678814914001
iwe,0.000845678814914001
tiw,0.000845678814914001
bir,0.0008449788653844493
tis,0.0008447392764827168
go ,0.0008444953570732414
rei,0.0008439599892323974
"1, ",0.0008436404814899019
26.,0.0008430041877937361
 15,0.0008419685881454673
ank,0.0008418057545654843
sus,0.0008415921527340955
h d,0.0008413422786410196
o.,0.0008402544221692524
cli,0.000840051442509939
ege,0.0008396530168124168
ar.,0.000839424770468901
ak ,0.0008386088231647509
ait,0.0008381368538812342
30,0.0008380600091333305
 30,0.0008380600091333305
ud ,0.0008374739339607179
ig ,0.0008374685887866921
ras,0.000837147532132587
ket,0.0008355450574475742
"ly,",0.0008351732104608791
ov.,0.00083510305162812
f u,0.0008343978983305899
i w,0.0008333164534283586
se.,0.0008330245142011892
mpe,0.0008324160706737523
em.,0.0008321939122651269
ogy,0.0008321311415053698
hno,0.0008321311415053698
nol,0.0008321311415053698
ngl,0.0008315983936250694
sum,0.0008307136462595694
dc,0.000829540628846383
cei,0.0008285868656704349
 22,0.0008285722349172273
m c,0.0008279878679864143
wrb vbd,0.0008279611106842433
l v,0.0008276085484898043
6. ,0.0008266519568003944
sca,0.0008266339721510793
nty,0.0008264028305989268
t 2,0.0008254467932699269
erc,0.000825300975953892
ims,0.0008245334504280048
nli,0.0008245084541072068
cks,0.0008234250068912821
ibe,0.0008214847399834037
 rs,0.0008213613018585918
fs ,0.000821103558267894
rld,0.0008198357496772882
orl,0.0008198357496772882
exe,0.0008196608457120494
hie,0.0008192664264376304
key,0.000818344758285207
kag,0.0008183047168017791
ler,0.0008169314446095767
i d,0.000815504759159913
sia,0.000813373485004135
. m,0.0008128922244268705
eo ,0.0008122523319293561
c f,0.0008118061580031724
ane,0.0008106238062195733
ale,0.0008102016936675669
rip,0.0008101399656227589
ply,0.0008100911535616292
wif,0.0008092103244413852
nel,0.0008082891386300215
wly,0.0008081806405488907
pm,0.0008075591319474297
rav,0.0008071258618644712
 1 ,0.0008069871849341877
22 ,0.0008063012191845787
ift,0.0008061733397534494
a 1,0.000805190340881219
0 m,0.0008049923252865998
iar,0.0008040797934427246
flu,0.0008037547845973871
p i,0.0008008871657561081
hir,0.0008005503076215306
awm,0.0007998508301821722
wm,0.0007998508301821722
wma,0.0007998508301821722
k.,0.0007987163499692445
 id,0.0007975528695007673
s g,0.0007972071741068267
bat,0.00079653367707344
eiv,0.0007963164950827967
. n,0.0007959909883378932
sm ,0.0007948796919033004
wid,0.0007947405981830493
s 1,0.0007944968518985688
rw,0.0007943279837118955
nic,0.0007937424181507938
u c,0.0007936832780865721
"5,",0.0007924461129845398
"5, ",0.0007924461129845398
kt,0.00079241850481463
"ce,",0.0007920295617220127
11,0.0007915612850075309
uly,0.0007911023851018825
rys,0.000791016108514873
40,0.0007902445977006926
"ct,",0.0007898253021892814
alu,0.0007895195968591415
pag,0.0007892482906681614
ehi,0.0007891873889980697
 17,0.0007886372965506135
 8,0.000787820899189771
"ll,",0.0007872126042174276
50t,0.0007869545910891409
ce.,0.0007857442685411683
ped,0.0007856646427357006
t k,0.000784264639625311
pme,0.0007841125157892914
fea,0.0007838570853416833
bla,0.0007838140120256015
sab,0.0007833817785553563
0 d,0.0007819053661266239
mbo,0.0007818329346934464
isk,0.0007816907395116928
dol,0.0007810391745885341
14 ,0.0007809015920248947
nvi,0.0007805851755102037
usp,0.0007801552567983963
dca,0.0007796561039581538
ept,0.0007783485681130994
tua,0.00077827267161575
oye,0.0007780679194993811
c a,0.0007774071290635256
gem,0.0007757495539623781
p o,0.000775735635796581
efu,0.0007751130944283538
liz,0.0007742046178491035
jul,0.0007729215956943793
cru,0.0007728507434247401
ghe,0.0007716241712789561
n g,0.0007705253823527785
 16,0.0007704860762325173
imb,0.0007683740704765547
e y,0.0007677730724234903
h p,0.0007673627594985816
nua,0.000766531232977826
zed,0.000766239500920215
 5 ,0.000765705602417324
exa,0.0007645830562829344
k i,0.000763417335281654
k d,0.0007631489234690955
pul,0.0007623204398082349
oar,0.0007622536136213568
0 p,0.0007618037866390194
lop,0.0007596381972541714
"nd,",0.0007596114197690674
coo,0.0007589535393558048
 9,0.0007574922365345719
hte,0.0007566674946918693
rke,0.0007562146247265084
ze ,0.0007559837276076958
doi,0.0007542542839658109
nvo,0.0007541114254052321
cip,0.0007537676357173462
cul,0.0007535720489191912
 18,0.0007525752510294085
tba,0.0007525208176720824
o. ,0.0007523500761931046
 ir,0.0007508105782778097
nsp,0.0007506914343080555
ngt,0.0007505400817224457
gt,0.0007505400817224457
adl,0.0007505298586900781
p d,0.0007505118204050533
oz,0.000750222233218762
oze,0.000750222233218762
iri,0.0007498686272563858
"ge,",0.000749227054129922
r u,0.0007491603264286805
000,0.0007463412150716976
"me,",0.0007461989204583915
th.,0.0007441790298335414
nsf,0.0007440225682015902
"ch,",0.0007437469785487555
 7,0.0007437457019204355
ds.,0.0007430178066909355
ssm,0.0007425279087174373
tod,0.0007418660304594915
sys,0.0007409661941328245
rb,0.0007403264512756587
sor,0.0007382087633282104
raw,0.0007377300844887136
spr,0.0007374629434192335
h n,0.0007374299481975997
rau,0.0007373469663728804
rif,0.0007373171654627349
og ,0.0007366300338814959
utl,0.0007365580453322371
tf,0.0007344421306233474
f.,0.0007342612419430549
"le,",0.0007340083212625418
gge,0.0007320622870177201
ubb,0.0007296673292377099
ees,0.0007292235255004719
m r,0.0007289207197289688
elp,0.0007288452776172619
"m, ",0.0007283961865292583
"m,",0.0007283961865292583
lab,0.0007274131154003671
y u,0.0007273054068383087
lam,0.0007268531354144357
bsi,0.0007264143762885998
ebs,0.0007264143762885998
onv,0.0007260113793373134
76,0.0007258332417533525
ems,0.0007256892192583784
wn.,0.0007252207711903873
ecl,0.0007252111377837355
izi,0.0007250570179361285
rsa,0.0007247108195408289
40 ,0.0007243904774629243
npr,0.0007220126177098118
lds,0.0007200223801410517
. l,0.0007194666390332841
un ,0.0007194099960143992
ola,0.0007189616996300689
hda,0.0007186225273308664
"re,",0.0007182857968137656
joi,0.0007176716587109557
k w,0.0007169527732288027
. y,0.0007168967782712431
rms,0.0007163024799854214
ape,0.0007151068966437591
"0, ",0.0007134412458164418
"9, ",0.0007090860908083963
"9,",0.0007090860908083963
"2,",0.0007086825748733103
teg,0.0007074682970234742
", 1",0.000706914240519965
20 ,0.0007068499898813531
obl,0.0007065090480812714
pte,0.000705449548887596
cop,0.0007051100933226946
uci,0.000704777025765035
al.,0.0007041319963088751
erd,0.0007034040427944862
dum,0.0007031098286001931
swo,0.000702981002232119
30 ,0.0007024565456858739
eei,0.0007020928796903077
ewe,0.0007017889396079054
"ad,",0.0007016105120195062
sav,0.0007015816682578185
35,0.0007013973447372301
.5,0.0007001780048277631
"ht,",0.0007000736451319903
rve,0.0006990348979750148
"o, ",0.000698874713264579
"o,",0.000698874713264579
oac,0.0006987853775942172
ssf,0.0006981114222838137
oop,0.0006970545361759448
wal,0.0006968727445890846
xte,0.0006957005551882168
..,0.0006952823550587831
isp,0.0006948702553113766
b ,0.0006939263795251149
dde,0.0006936010186695392
efl,0.0006935372722379912
", v",0.0006928881672742677
a. ,0.0006917554296405813
ila,0.0006909167695828445
xec,0.00069065356933397
ncr,0.0006890899191790815
ceo,0.0006887571370777553
ken,0.0006886723098003071
bin,0.0006884613013574401
yed,0.0006873059412106344
"2, ",0.0006866596009676524
mpr,0.0006864314017683436
az,0.0006863385714756385
bol,0.000685461277794762
sic,0.0006852771269952554
w l,0.0006834104498351802
emi,0.0006814166421538651
nex,0.000681013945030762
",00",0.000680392109187494
",0",0.000680392109187494
veh,0.0006802492823248675
rik,0.0006802482201828898
ino,0.0006795112701249884
f n,0.0006792957931298382
f 1,0.0006779417816149865
m w,0.0006773730677309954
nct,0.0006768994162721948
uca,0.0006764576613200731
gar,0.00067502879822489
p b,0.0006745663376231171
63,0.0006731479901641524
rci,0.0006726676241165337
muc,0.0006715279071542401
urf,0.0006710096018001603
"se,",0.0006706876278600598
jan,0.0006704739536709119
lag,0.0006703197574975021
ick,0.0006701044245116287
ad.,0.0006697498350058654
esn,0.0006693095968503894
le.,0.000668696547356366
 40,0.0006682134754197963
nif,0.0006681235474186365
1. ,0.0006667552272352188
gag,0.0006660837978566981
dan,0.0006650915145708628
hit,0.0006642572811532155
. u,0.0006635031830306097
nw,0.0006630311230843193
nev,0.0006629975147860748
agi,0.0006609411055055232
o k,0.0006604061970454783
fel,0.0006604049573385866
tax,0.0006601688601915966
kee,0.0006588185930466491
.7,0.0006586654636264749
rib,0.0006577115791838279
wev,0.0006576790893556561
0.,0.0006575891912392317
shu,0.0006564281485756773
hut,0.0006564281485756773
ndm,0.0006563846364943353
voc,0.0006559876665570522
oda,0.0006559003095803592
w s,0.000655796404558659
imo,0.0006550246120446615
24 ,0.0006546679067162062
 11,0.0006530811074951309
ah,0.0006527555613939733
rsh,0.0006522112207926568
tiz,0.0006501528075869732
erf,0.0006485881883068277
aig,0.0006481699503151568
d v,0.0006465136155724923
gs.,0.0006460452838477202
gle,0.0006458295025998208
w f,0.0006442545093149764
hop,0.000644208058206225
s 2,0.0006441582777702693
p e,0.0006438230346729998
 iv,0.0006431734614614726
0 s,0.0006431098942506167
m b,0.0006414358695356006
tep,0.0006412128580482946
igg,0.0006407164970221865
sfu,0.0006403685021223488
pil,0.0006403557193182844
oad,0.0006388680141334875
63 ,0.0006385545217756607
ety,0.0006384430184382504
rwa,0.0006378325229367591
8 b,0.000637465974990867
xpl,0.0006358925682200771
roy,0.0006354443601456522
w i,0.0006353352624436606
nke,0.0006351057962765237
xi,0.0006345615038128855
gur,0.0006337899584200798
wle,0.000633487928318185
f. ,0.0006327217152134417
a a,0.0006315334585581414
foc,0.0006315304408277589
2 b,0.0006308590209477151
riz,0.0006306893002981655
six,0.0006306857750154994
bed,0.0006305556914808999
fes,0.0006302389267068505
elf,0.0006288093371438861
lus,0.0006283583931095476
api,0.0006281293536771848
c i,0.0006275140140246277
d 1,0.0006266207218447852
sal,0.0006265757279355777
ws.,0.0006260196169221993
c p,0.0006247989701053775
vir,0.0006244738292420226
oh,0.0006237339090634182
rm.,0.0006233991975816754
"6,",0.0006232244340435922
"6, ",0.0006232244340435922
ben,0.0006227858011247925
feg,0.0006226891801817847
w c,0.0006224342452514747
uck,0.0006222814926623867
rus,0.0006203783033987553
ef ,0.0006203439354742541
dvo,0.00061820669797128
igu,0.000618181515712108
ilt,0.0006173323891040289
t?,0.0006170908129622679
why,0.0006167847391245196
s k,0.0006163524270130505
", u",0.0006163083975209506
tfo,0.0006156753945728903
", n",0.0006143979493286109
esh,0.0006143632149185411
rap,0.0006132857605447639
opm,0.0006129655276163443
k. ,0.000612535489709904
"id,",0.0006125037614709686
"ar,",0.0006121438247951076
ckn,0.0006109827066697063
bt,0.0006105586846332637
tex,0.0006101093187726224
. j,0.0006082660819417393
w m,0.0006081456264016052
hap,0.0006075786378331601
9 ,0.0006069886167357859
ip ,0.0006067089154252064
"te,",0.0006062409864187549
"w,",0.0006059609086553627
"w, ",0.0006059609086553627
25 ,0.0006055745596677457
"p, ",0.0006051392393405251
"p,",0.0006051392393405251
ssn,0.0006035963318619085
env,0.0006034728014881862
rva,0.0006032585807881526
sar,0.00060288843927898
sne,0.0006028417100382731
ske,0.0006019445757157275
lib,0.0006016794627161368
taf,0.0006014825376290819
52,0.0006011260800381441
lk ,0.000599654050514035
w h,0.0005992983807840826
dle,0.0005981845967940958
onp,0.0005974476534743728
dlo,0.0005967458658406437
nr,0.0005967050536460065
kel,0.0005960823331635956
anu,0.0005955700474183849
it.,0.0005953441287377935
edg,0.000594130646531557
rod,0.0005935799430399005
bs ,0.0005929026225787968
"or,",0.0005926190961208515
st.,0.0005922012294253835
 63,0.0005921169866270918
ht.,0.0005919478942160169
bit,0.0005915212053531398
beh,0.0005898834321490045
lc,0.000589305528143053
ago,0.0005891610523419988
xpr,0.0005891597816381275
ge.,0.0005888269950973033
ids,0.0005873866974198931
ysi,0.0005866776301995603
roa,0.0005864994894951457
"st,",0.0005852907173259616
erw,0.0005850545164353153
epl,0.0005849721356779898
cy.,0.0005847920320048136
cad,0.0005845239288226093
!,0.0005827755002510543
100,0.0005818442985671807
 oc,0.0005812721226747089
gel,0.0005812353991762058
 x,0.0005807310502674865
s j,0.0005805742988013798
.8 ,0.0005801853947166286
uy,0.0005796554432403539
git,0.0005795258540660928
"ek,",0.000579471383688719
bly,0.000578990255723059
onm,0.0005787351013335978
n 6,0.0005784058064658482
obe,0.0005782551462677773
wri,0.000577750892847008
mou,0.0005767567625581259
bbl,0.0005767148933444202
ve.,0.0005754236706123253
xu,0.000574923971583631
nec,0.0005733617598858358
.8,0.0005725574959822593
xch,0.0005718666932762495
. r,0.0005713506473124523
lse,0.000571088262924584
ne.,0.000570921331815276
tut,0.0005704550025602227
f g,0.0005691247150434643
opo,0.0005687087136557019
bea,0.0005668783232977782
tot,0.000566213572106819
"is,",0.0005656497977626935
inm,0.0005653890687160742
200,0.0005640685033542969
eke,0.0005625423732047383
025,0.000562289269548901
dva,0.0005622435724426543
ups,0.0005621327708034919
dab,0.0005620116189386598
 er,0.0005612197116844396
td,0.0005610580286105995
irr,0.0005608289789188474
few,0.0005603173850553028
o 2,0.0005586074087704558
.c,0.0005579634639296411
ils,0.0005571688691329917
"ty,",0.0005571379195484194
020,0.0005567329535291495
opu,0.0005566980843174053
pop,0.0005566980843174053
ks.,0.0005556700335385572
ya,0.0005550087697368524
ix ,0.0005546510522748361
f l,0.0005546269618483958
mr,0.0005543245599022781
mr.,0.0005543245599022781
 mr,0.0005543245599022781
0 b,0.0005534176698649603
0 a,0.0005527832278830055
xpa,0.0005526473670068992
dvi,0.0005525962227268398
ush,0.0005511095829726752
sfe,0.0005505959590701059
tom,0.0005502615444520193
ugg,0.0005495807182522648
 z,0.0005490801224273481
"ow,",0.0005487224299938014
umm,0.0005479629108261115
dor,0.0005477358070616431
v ,0.0005465172261117883
s.c,0.0005452747179417754
0 o,0.0005452354557829695
rfe,0.0005447908159678091
alm,0.0005442711391054212
021,0.0005440091056678961
k m,0.0005429407671349352
t 5,0.0005423126085152368
1.8,0.0005417846078494869
tp,0.0005412204503506673
"0,0",0.0005411432107061986
ghl,0.0005396222246688436
goo,0.0005395148798986524
01,0.0005391768330956923
et.,0.0005385767932744433
usl,0.0005380741130078406
e q,0.0005379940937541583
amm,0.0005378609390254724
ehe,0.000536112219630114
avo,0.0005351228243932788
yon,0.0005351079408222588
atr,0.0005347357601483765
boa,0.0005337079608183772
hp,0.0005333230737753773
", g",0.0005332514357867601
yal,0.0005323068014013975
wd,0.0005322383565073518
cee,0.0005317975288786645
icl,0.0005302417712918126
itl,0.000529732251602822
ta ,0.0005293254654501012
7.,0.0005286771168682358
boo,0.000528623704701006
ura,0.0005284539607453387
ols,0.0005275279959448477
mun,0.0005275119782749546
d j,0.0005266754609869346
thy,0.0005264855128500912
ct.,0.0005258733480149676
erp,0.0005257813905444861
g v,0.0005256658993857024
sua,0.0005252893891318305
a j,0.0005245605330266982
ra ,0.0005244780248609151
 12,0.0005233968944704558
rtm,0.0005229367085184584
f v,0.0005228445045438422
sce,0.0005219680898545981
5 b,0.0005214699708309669
fet,0.0005209816624015738
ymb,0.0005200491093239651
sym,0.0005200491093239651
twi,0.0005200213753900578
rcu,0.0005197038146467527
 6 ,0.0005184717846182268
rry,0.0005176868910958206
m d,0.0005175463157219985
"rt,",0.0005171868155921481
unp,0.0005168285534898681
ero,0.0005163809383254252
c s,0.0005156952233787497
pus,0.0005155389958905715
ps.,0.0005154507101882852
yet,0.0005149101565783792
ird,0.0005148167595925125
m m,0.0005147546424400932
58,0.000514047113124947
lov,0.0005140050745863741
vor,0.0005135655644102463
odi,0.0005129977903942614
c.,0.000511067398586092
tog,0.000510423967393976
sim,0.0005096860606082289
ngo,0.0005094859829421887
 2 ,0.0005092892009138677
dnt,0.0005089982081013753
reo,0.0005081889624864944
lp ,0.0005075717247327752
nfe,0.0005074680780470082
os ,0.000506560439833226
oo ,0.0005061620947508995
p w,0.0005060280466020878
2.,0.000505489650619665
"ve,",0.0005047677643502102
lmi,0.0005046553572297854
jou,0.0005040304341150999
"el,",0.0005037522692102858
bes,0.0005035934218269599
e 5,0.0005031377916592034
ai ,0.0005029619910631965
0 e,0.0005016473620790561
ads,0.0005012343820398839
apa,0.0005005455333610639
tn,0.0004996560370852317
p p,0.0004989136724697094
eje,0.0004987533633240347
ej,0.0004987533633240347
mbi,0.0004979472826771268
fus,0.0004971946259461023
d k,0.0004971421643554841
"ne,",0.0004968446343000895
awa,0.00049549092181014
axp,0.0004952890414828029
sex,0.0004951790451079418
gav,0.0004948572404871328
fy,0.000493755312677548
ify,0.000493755312677548
stm,0.0004927539730653786
mmu,0.0004922620109181199
80,0.0004921752153431772
4.,0.0004915407035509134
fiv,0.0004901900411919979
i h,0.0004901059694275117
apr,0.0004899260541622557
y k,0.0004897522278664036
mn,0.0004882500636769782
utd,0.00048716130671476714
8.,0.0004852745932606461
ipt,0.0004835141952631608
"ut,",0.0004834428446037327
nim,0.0004831942847755613
lw,0.0004822157060762059
16 ,0.00048164645119795635
f r,0.00048096568261187395
iel,0.0004809585283619883
sly,0.00048027933879043073
ofe,0.00048005241398861104
fav,0.0004787505174431707
.2,0.00047844259476773705
awn,0.0004774830923659054
 80,0.0004769163530919309
unn,0.0004764055401356639
ss.,0.00047615092597915316
yt,0.00047530826181039554
oym,0.0004747407078184823
urg,0.0004742704210703941
"an,",0.0004734819475113218
dli,0.0004733411526408983
yth,0.0004730971432648448
17 ,0.00047281647517895747
"c, ",0.00047274770735207186
"c,",0.00047274770735207186
uip,0.00047250391977194707
mba,0.0004722563287833605
enu,0.0004720490968766496
dul,0.0004714414126500153
odu,0.00047066349989864447
sr,0.00047038473517500964
h m,0.00047006648934344884
tdo,0.0004686468114027419
tne,0.0004680664272157135
oy ,0.0004675720076888634
nks,0.00046704238798940306
rpa,0.00046696078079556486
mb ,0.0004666473422180466
etr,0.0004666297322575463
agg,0.0004660274395488487
dro,0.00046580012596168443
ira,0.0004649258650882074
rt.,0.0004647529321390623
mom,0.00046398101928061544
5 a,0.0004634783629556282
yp,0.0004630401475813564
201,0.0004629153618993401
! ,0.00046268323064733405
23,0.0004624744988063286
ll.,0.0004619891167169102
nk ,0.00046167579791259563
y 2,0.0004615187342208774
pet,0.00046140345759609224
"ys,",0.00045999225315100184
iod,0.00045898243336503985
ncu,0.00045855006279995914
p s,0.0004584510640718782
typ,0.00045841796821373474
xac,0.00045781160773206056
deo,0.0004575201673148577
hid,0.00045750239557243525
unl,0.0004573724286761629
cea,0.0004573475687581495
apt,0.0004570763405774506
urb,0.0004554483949505035
iro,0.0004554276138603403
irc,0.0004550281826159053
cir,0.0004550281826159053
lwa,0.0004545009886533312
 lu,0.0004529183419195587
pap,0.0004512105951286954
oon,0.00045091042827872054
 eq,0.00045034589050250626
uff,0.0004494523461659292
ldr,0.0004491665297042993
ngu,0.0004483934377970146
dif,0.00044827555738428346
t? ,0.00044698217761868767
"ld,",0.00044687634790530506
ahe,0.0004468578668246378
aso,0.00044660016412970165
nym,0.0004452378469403785
bar,0.0004440050650354066
goe,0.000443901722910926
 ty,0.0004432793340403168
lun,0.00044326534617083904
sas,0.0004424535139992436
ciz,0.0004411936420557351
una,0.000441093317099659
gth,0.000440775721560059
die,0.0004404652659756238
sep,0.00044037749564932143
"th,",0.00044017177381287445
ala,0.000437897992520708
lco,0.0004359561142640091
w p,0.0004354494794433716
oud,0.0004345622403980092
qa,0.0004337307930635858
pee,0.0004330661714480285
sei,0.00043301129750079854
i a,0.0004321726751641767
mpi,0.0004312056181863927
bsc,0.0004311638698153919
"ds,",0.000429081902170214
tg,0.00042895990735043933
gic,0.0004285199477248504
gly,0.00042691175361574693
hni,0.0004266114788186902
yr,0.00042468167548083814
oof,0.00042416775784656467
mas,0.00042397896012516626
nia,0.00042325051941507444
pc,0.0004217983040151098
nyo,0.00042149350111639886
"00,",0.00042146491663706007
rtn,0.0004204493515577905
blu,0.000420392147333137
hly,0.00042036289417058124
icu,0.0004202155729857432
rej,0.00042016347833888584
024,0.00041983962406699353
fur,0.0004198287281646816
eki,0.0004193062912575858
e .,0.00041904481585779434
alf,0.00041847670096945423
ia.,0.00041808107944218384
k c,0.0004171313059723198
xtr,0.0004170630730328166
due,0.000416874818612696
eck,0.00041603507200425877
bov,0.00041601147801874843
cs.,0.0004159763155861455
"it,",0.00041592908792081743
bad,0.0004158550409974622
elc,0.00041464082847644286
reb,0.00041420241889840025
"y ,",0.0004141625559832318
xam,0.0004126891492242389
fy ,0.0004113694337158734
p u,0.0004111433253725197
niv,0.00041111959211710116
ski,0.0004110467774133159
raz,0.00041054295583845197
ops,0.00040985564459269843
epi,0.00040905465019188596
hif,0.000408811778872928
dig,0.0004081525484274241
an.,0.00040742531147789843
75,0.00040726082324295585
18 ,0.00040715350872183814
fly,0.0004071255878513425
nnu,0.0004068167708234068
d 2,0.00040630262193787966
ava,0.0004056315907796104
utu,0.0004052821503371641
ddr,0.0004050669760061336
nki,0.0004031184312262335
gas,0.0004029547800482589
nsh,0.0004025952589390368
i m,0.00040145130117726253
xcl,0.00040092209247655615
ucl,0.00040075766236934585
nuc,0.00040075766236934585
aph,0.00040063381825032997
gti,0.0004005991400746216
elt,0.0003997052835622202
nh,0.0003994482873034853
occ,0.00039928276050683686
a 6,0.0003985076475897955
nga,0.00039831336523836415
gui,0.00039824486038140346
 ah,0.0003980224795596574
l u,0.00039755470365964286
spu,0.0003973984087043824
evo,0.0003972888498984136
w d,0.0003971511238343966
 50,0.0003965213099272307
y j,0.0003963778440935486
rut,0.00039582109740042716
sif,0.000395505049610408
"a,",0.00039536773386006276
"a, ",0.00039536773386006276
5.,0.00039287360722299467
acq,0.00039210771308348423
cq,0.00039210771308348423
cqu,0.00039210771308348423
mbl,0.0003920804103225239
wen,0.00039089481476090287
a o,0.00039014988081280974
eu,0.0003886418946943853
p c,0.00038783481432394425
r y,0.0003864417874435497
rsu,0.0003863308710126958
bbi,0.0003857918559937478
asn,0.0003855911566399343
r j,0.0003836524815011363
a i,0.0003820844593576052
rdl,0.0003818937064993152
mmo,0.00038049616364789637
de.,0.0003800240532504847
.5 ,0.00037972298477430576
a q,0.0003794121234231109
w v,0.0003783436926493768
5 o,0.000378341707601448
dfr,0.000378341707601448
 qa,0.000378341707601448
qas,0.000378341707601448
"ks,",0.00037807077084923843
lty,0.0003778025405452417
ndl,0.0003773897614700449
adf,0.00037712864349383955
e k,0.00037502014915061135
lki,0.00037475115582315363
ea ,0.00037459389267198104
m l,0.0003745802212118133
urp,0.0003741262261127061
r 2,0.000372563880642615
l 2,0.00037084024244570386
c m,0.00037021457022805906
sme,0.0003698431433871046
r 6,0.00036885774779427984
atf,0.00036863618632183295
ntu,0.00036800317118746025
epu,0.00036713785754155796
k f,0.0003667996352881086
tys,0.00036635305495439654
sci,0.00036598453651083
ggl,0.0003644574012688559
vow,0.00036386858653295707
lou,0.0003623612622491696
aug,0.0003622864660060487
ewl,0.0003610801420505303
job,0.00036024112989537025
fut,0.0003602180155353315
ody,0.000358683037000418
lor,0.00035820766147286014
axi,0.0003577120682092182
k s,0.00035737468198189103
5. ,0.0003571224393667927
k p,0.00035672291022988074
bur,0.0003565147446533432
gns,0.0003546712750996344
eel,0.00035430204867331453
nui,0.0003540850732887238
f y,0.000354053258016396
hdr,0.00035311080113108927
fas,0.0003525167551370299
b.,0.0003513111106490405
dar,0.000350807627621928
ibu,0.00035079665279571143
lte,0.0003505807269013909
rpr,0.00035027484205568806
ilu,0.00034951523590617627
lap,0.0003493874313885116
erl,0.0003491398792458696
hec,0.0003483574171538124
rup,0.00034806753826306425
hum,0.0003470185554654803
d y,0.0003465579613968171
y 3,0.00034638136412422696
boy,0.0003463398779992387
o y,0.00034575029664351886
py,0.0003457307211685949
gm,0.00034504954545571553
fti,0.00034465466996224693
 sw,0.00034446799575699774
" 1,",0.00034340424088483547
"en,",0.0003427153772952375
pes,0.0003422827715164903
bud,0.00034137549197061983
ico,0.00034131623939176844
eau,0.0003408060969757484
eit,0.0003407896233288506
c o,0.00034069750962003134
upt,0.0003402689091236284
orw,0.0003402399193280539
e 6,0.00033946672065359644
s 5,0.00033930777182498956
sef,0.00033885187207456657
9.,0.0003387407036829352
vas,0.0003385455946539108
ggi,0.0003381943484501032
pra,0.00033804858019261647
ryt,0.0003377948474386053
sy ,0.00033713522628219634
idn,0.0003356715641958325
 ax,0.0003356211781879746
fix,0.00033449606799505066
19 ,0.000332947288892905
 ep,0.000332230621179127
pur,0.00033205505793195735
nei,0.0003315543298550906
pse,0.000331033621980053
 sm,0.0003301932712476349
.2 ,0.000329398730578227
5 p,0.0003292734984407078
nt?,0.00032924466273868015
in.,0.0003291094049248426
dt,0.0003288725410459482
10 ,0.00032814538596905344
idi,0.0003277936963379776
rug,0.0003276471067703104
dri,0.00032546953222806197
seq,0.0003250492295530202
urv,0.0003248739041512535
gon,0.00032449496511433083
ox,0.0003244686400499404
oki,0.000324132088916388
 sk,0.0003235410474292442
lur,0.0003229370519811966
uce,0.00032227559771630366
mur,0.00032202823340515856
 av,0.0003210671564003967
"21,",0.0003205731738991072
o j,0.0003205592776534783
ium,0.00032029283901620717
iu,0.00032029283901620717
tun,0.0003201097163841901
us.,0.00031995299614157214
bse,0.00031985907841046375
eps,0.0003182383669805839
 aw,0.0003176056318347593
rfa,0.0003166582437721065
23 ,0.00031655399266854655
ifu,0.00031625814972411855
raf,0.0003161275826490985
.. ,0.00031560123858213353
kl,0.0003150611201524685
eec,0.0003145303839897204
", y",0.000313396377817472
"ft,",0.0003129646626533105
uns,0.00031231528824534217
fe.,0.0003098988817926016
opr,0.0003096810506381807
4 p,0.0003093045181809753
b. ,0.0003092214887904515
ewi,0.00030772382202409314
c c,0.0003072885687587024
 3 ,0.00030667210035855704
bod,0.00030490632213686674
wes,0.000304812555080926
rfo,0.00030457671856781005
"ic,",0.00030393101064266916
cep,0.00030302810784944026
tow,0.0003026027321981815
ryi,0.0003025009412272331
nfr,0.00030184693704394524
uo,0.00030116842066565025
fee,0.00030098400905609877
ntb,0.0003003967229578335
ms.,0.00029967757549244974
 ob,0.0002992498796108253
at.,0.00029823874482165855
utc,0.00029765841092598434
gri,0.000297331165470178
022,0.0002972815342941589
tir,0.0002969238356767986
amb,0.0002945258229910318
oge,0.0002933676394865877
"ss,",0.0002933183191048331
kep,0.00029287183834031925
goa,0.000292632873619312
wai,0.00029200016006907827
up.,0.000290895537549268
cif,0.00029044103433042664
kr,0.00028910169026332317
oal,0.00028743208235106174
xce,0.00028547702746919594
rpo,0.0002843844010455808
oft,0.00028352590022636927
uag,0.00028181489848237424
nwh,0.00028152713021743704
anw,0.00028152713021743704
ias,0.0002810804027500095
irl,0.00027963742513303333
eer,0.00027889361287642366
ggr,0.0002788464596527642
nav,0.0002787251251452484
swi,0.0002785282193503557
pha,0.0002777216256496933
feb,0.00027713299548858726
iec,0.00027452822679085314
bru,0.0002738931124865708
lmo,0.00027328274492716137
w b,0.0002717433538135155
"de,",0.0002705070821302394
ldn,0.00027044127285381746
vea,0.0002698186541988997
rfu,0.00026867038376863985
ngi,0.0002673348807479502
2 a,0.00026550767932652906
ip.,0.0002654980297174738
sem,0.0002645434702553307
deb,0.0002606639819628239
k e,0.00025950950163490565
doo,0.0002587322476658887
ogi,0.0002579370847404289
rra,0.0002562224602696558
r 1,0.00025612464537957513
lom,0.00025573275746970046
meo,0.00025569886065982515
"od,",0.0002555965536017641
cio,0.0002550866060502861
0. ,0.00025474767008304314
"7, ",0.000253722923565195
"7,",0.000253722923565195
stl,0.00025237180283896896
gli,0.0002522115074507662
kne,0.00025102133883002543
pie,0.0002509902501522989
"f, ",0.0002496533861191953
"f,",0.0002496533861191953
alw,0.00024835945327331897
c b,0.00024706446606094024
inl,0.0002465702172800492
mac,0.00024474614301155546
 ei,0.0002439822501118216
0 y,0.00024272234753752958
"gh,",0.00024186678569987986
p h,0.00024097752908281022
rua,0.00023987508062084327
egr,0.00023964172021520555
aks,0.0002374967232311711
flo,0.00023730846974542662
k h,0.00023706705781983696
i t,0.0002362052157878273
ch.,0.00023459901668149635
tas,0.00023201944159996658
n 3,0.0002315530380757611
sb,0.00023081605233203178
5 m,0.00022873753130092244
agu,0.00022573784501862094
exi,0.00022520753799647536
xis,0.00022246229136423348
dog,0.0002206291602905468
sug,0.0002198050546842677
a 3,0.00021917791420388282
 ur,0.00021807441697767495
orp,0.0002158337410336892
tpo,0.00021401493041038621
oat,0.00021165984165481862
"em,",0.0002114442226703703
oas,0.00021022607230754332
ao,0.0002096442580068711
hao,0.0002096442580068711
 oi,0.00020937118797485923
eon,0.00020876362373566505
ouc,0.00020867595376276594
"3,",0.00020500643440674908
"3, ",0.00020500643440674908
i i,0.00020409897696262912
soo,0.0002020956330320826
m u,0.0001991738428002374
pe ,0.00019628628509485958
pt.,0.00018969950856569795
hm,0.00018960741621958414
oos,0.00018401420210361458
or.,0.0001825471789496019
ado,0.00018136666535947463
nha,0.00017988943471625559
fan,0.00017642678380246866
rgi,0.00016961064446259911
hak,0.0001654584554562174
11 ,0.0001647599524352775
var,0.00015846257507919786
via,0.00015431696484623664
ckl,0.00014379398161611573
nem,0.00014034022931476566
voi,0.00012992473848299715
a u,8.254434951877513e-05
